Density,Points_0,Points_1,Points_2,Points_Magnitude,Pressure,Velocity_0,Velocity_1,Velocity_2,Velocity_Magnitude,arc_length,Point ID,vtkValidPointMask
0.993788,0.1,0,0,0.1,17.8656,0.0670659,0.000365206,0,0.0670668,0,0,1
0.993788,0.1,0.001,0,0.100005,17.8656,0.0670659,0.000365206,0,0.0670668,0.001,1,1
0.993788,0.1,0.002,0,0.10002,17.8656,0.0670659,0.000365206,0,0.0670668,0.002,2,1
0.993788,0.1,0.003,0,0.100045,17.8656,0.0670659,0.000365206,0,0.0670668,0.003,3,1
0.993788,0.1,0.004,0,0.10008,17.8656,0.0670659,0.000365206,0,0.0670668,0.004,4,1
0.993788,0.1,0.005,0,0.100125,17.8656,0.0670659,0.000365206,0,0.0670668,0.005,5,1
0.993989,0.1,0.006,0,0.10018,17.8671,0.205135,0.00356509,0,0.205166,0.006,6,1
0.993989,0.1,0.007,0,0.100245,17.8671,0.205135,0.00356509,0,0.205166,0.007,7,1
0.993989,0.1,0.008,0,0.100319,17.8671,0.205135,0.00356509,0,0.205166,0.008,8,1
0.993989,0.1,0.009,0,0.100404,17.8671,0.205135,0.00356509,0,0.205166,0.009,9,1
0.993989,0.1,0.01,0,0.100499,17.8671,0.205135,0.00356509,0,0.205166,0.01,10,1
0.993989,0.1,0.011,0,0.100603,17.8671,0.205135,0.00356509,0,0.205166,0.011,11,1
0.99441,0.1,0.012,0,0.100717,17.8694,0.345858,0.0116445,0,0.346054,0.012,12,1
0.99441,0.1,0.013,0,0.100841,17.8694,0.345858,0.0116445,0,0.346054,0.013,13,1
0.99441,0.1,0.014,0,0.100975,17.8694,0.345858,0.0116445,0,0.346054,0.014,14,1
0.99441,0.1,0.015,0,0.101119,17.8694,0.345858,0.0116445,0,0.346054,0.015,15,1
0.99441,0.1,0.016,0,0.101272,17.8694,0.345858,0.0116445,0,0.346054,0.016,16,1
0.994905,0.1,0.017,0,0.101435,17.8705,0.481026,0.0238251,0,0.481616,0.017,17,1
0.994905,0.1,0.018,0,0.101607,17.8705,0.481026,0.0238251,0,0.481616,0.018,18,1
0.994905,0.1,0.019,0,0.101789,17.8705,0.481026,0.0238251,0,0.481616,0.019,19,1
0.994905,0.1,0.02,0,0.10198,17.8705,0.481026,0.0238251,0,0.481616,0.02,20,1
0.994905,0.1,0.021,0,0.102181,17.8705,0.481026,0.0238251,0,0.481616,0.021,21,1
0.994905,0.1,0.022,0,0.102391,17.8705,0.481026,0.0238251,0,0.481616,0.022,22,1
0.995525,0.1,0.023,0,0.102611,17.8724,0.603441,0.0381587,0,0.604646,0.023,23,1
0.995525,0.1,0.024,0,0.10284,17.8724,0.603441,0.0381587,0,0.604646,0.024,24,1
0.995525,0.1,0.025,0,0.103078,17.8724,0.603441,0.0381587,0,0.604646,0.025,25,1
0.995525,0.1,0.026,0,0.103325,17.8724,0.603441,0.0381587,0,0.604646,0.026,26,1
0.995525,0.1,0.027,0,0.103581,17.8724,0.603441,0.0381587,0,0.604646,0.027,27,1
0.995525,0.1,0.028,0,0.103846,17.8724,0.603441,0.0381587,0,0.604646,0.028,28,1
0.996272,0.1,0.029,0,0.10412,17.8746,0.708285,0.0526881,0,0.710242,0.029,29,1
0.996272,0.1,0.03,0,0.104403,17.8746,0.708285,0.0526881,0,0.710242,0.03,30,1
0.996272,0.1,0.031,0,0.104695,17.8746,0.708285,0.0526881,0,0.710242,0.031,31,1
0.996272,0.1,0.032,0,0.104995,17.8746,0.708285,0.0526881,0,0.710242,0.032,32,1
0.996272,0.1,0.033,0,0.105304,17.8746,0.708285,0.0526881,0,0.710242,0.033,33,1
0.996272,0.1,0.034,0,0.105622,17.8746,0.708285,0.0526881,0,0.710242,0.034,34,1
0.997159,0.1,0.035,0,0.105948,17.877,0.793816,0.0659147,0,0.796547,0.035,35,1
0.997159,0.1,0.036,0,0.106283,17.877,0.793816,0.0659147,0,0.796547,0.036,36,1
0.997159,0.1,0.037,0,0.106626,17.877,0.793816,0.0659147,0,0.796547,0.037,37,1
0.997159,0.1,0.038,0,0.106977,17.877,0.793816,0.0659147,0,0.796547,0.038,38,1
0.997159,0.1,0.039,0,0.107336,17.877,0.793816,0.0659147,0,0.796547,0.039,39,1
0.997159,0.1,0.04,0,0.107703,17.877,0.793816,0.0659147,0,0.796547,0.04,40,1
0.997159,0.1,0.041,0,0.108079,17.877,0.793816,0.0659147,0,0.796547,0.041,41,1
0.998063,0.1,0.042,0,0.108462,17.8796,0.860774,0.0769922,0,0.86421,0.042,42,1
0.998063,0.1,0.043,0,0.108853,17.8796,0.860774,0.0769922,0,0.86421,0.043,43,1
0.998063,0.1,0.044,0,0.109252,17.8796,0.860774,0.0769922,0,0.86421,0.044,44,1
0.998063,0.1,0.045,0,0.109659,17.8796,0.860774,0.0769922,0,0.86421,0.045,45,1
0.998063,0.1,0.046,0,0.110073,17.8796,0.860774,0.0769922,0,0.86421,0.046,46,1
0.998063,0.1,0.047,0,0.110494,17.8796,0.860774,0.0769922,0,0.86421,0.047,47,1
0.998853,0.1,0.048,0,0.110923,17.8821,0.911224,0.0856241,0,0.915238,0.048,48,1
0.998853,0.1,0.049,0,0.11136,17.8821,0.911224,0.0856241,0,0.915238,0.049,49,1
0.998853,0.1,0.05,0,0.111803,17.8821,0.911224,0.0856241,0,0.915238,0.05,50,1
0.998853,0.1,0.051,0,0.112254,17.8821,0.911224,0.0856241,0,0.915238,0.051,51,1
0.998853,0.1,0.052,0,0.112712,17.8821,0.911224,0.0856241,0,0.915238,0.052,52,1
0.998853,0.1,0.053,0,0.113177,17.8821,0.911224,0.0856241,0,0.915238,0.053,53,1
0.99949,0.1,0.054,0,0.113649,17.8846,0.947566,0.0918707,0,0.952009,0.054,54,1
0.99949,0.1,0.055,0,0.114127,17.8846,0.947566,0.0918707,0,0.952009,0.055,55,1
0.99949,0.1,0.056,0,0.114612,17.8846,0.947566,0.0918707,0,0.952009,0.056,56,1
0.99949,0.1,0.057,0,0.115104,17.8846,0.947566,0.0918707,0,0.952009,0.057,57,1
0.99949,0.1,0.058,0,0.115603,17.8846,0.947566,0.0918707,0,0.952009,0.058,58,1
0.99949,0.1,0.059,0,0.116108,17.8846,0.947566,0.0918707,0,0.952009,0.059,59,1
0.99949,0.1,0.06,0,0.116619,17.8846,0.947566,0.0918707,0,0.952009,0.06,60,1
0.99999,0.1,0.061,0,0.117137,17.8871,0.9722,0.096015,0,0.97693,0.061,61,1
0.99999,0.1,0.062,0,0.117661,17.8871,0.9722,0.096015,0,0.97693,0.062,62,1
0.99999,0.1,0.063,0,0.118191,17.8871,0.9722,0.096015,0,0.97693,0.063,63,1
0.99999,0.1,0.064,0,0.118727,17.8871,0.9722,0.096015,0,0.97693,0.064,64,1
0.99999,0.1,0.065,0,0.119269,17.8871,0.9722,0.096015,0,0.97693,0.065,65,1
0.99999,0.1,0.066,0,0.119817,17.8871,0.9722,0.096015,0,0.97693,0.066,66,1
0.99999,0.1,0.067,0,0.12037,17.8871,0.9722,0.096015,0,0.97693,0.067,67,1
1.00034,0.1,0.068,0,0.12093,17.8886,0.987624,0.0981165,0,0.992486,0.068,68,1
1.00034,0.1,0.069,0,0.121495,17.8886,0.987624,0.0981165,0,0.992486,0.069,69,1
1.00034,0.1,0.07,0,0.122066,17.8886,0.987624,0.0981165,0,0.992486,0.07,70,1
1.00034,0.1,0.071,0,0.122642,17.8886,0.987624,0.0981165,0,0.992486,0.071,71,1
1.00034,0.1,0.072,0,0.123223,17.8886,0.987624,0.0981165,0,0.992486,0.072,72,1
1.00034,0.1,0.073,0,0.12381,17.8886,0.987624,0.0981165,0,0.992486,0.073,73,1
1.00034,0.1,0.074,0,0.124403,17.8886,0.987624,0.0981165,0,0.992486,0.074,74,1
1.00064,0.1,0.075,0,0.125,17.8913,0.996972,0.0984896,0,1.00183,0.075,75,1
1.00064,0.1,0.076,0,0.125603,17.8913,0.996972,0.0984896,0,1.00183,0.076,76,1
1.00064,0.1,0.077,0,0.12621,17.8913,0.996972,0.0984896,0,1.00183,0.077,77,1
1.00064,0.1,0.078,0,0.126823,17.8913,0.996972,0.0984896,0,1.00183,0.078,78,1
1.00064,0.1,0.079,0,0.12744,17.8913,0.996972,0.0984896,0,1.00183,0.079,79,1
1.00064,0.1,0.08,0,0.128062,17.8913,0.996972,0.0984896,0,1.00183,0.08,80,1
1.00064,0.1,0.081,0,0.12869,17.8913,0.996972,0.0984896,0,1.00183,0.081,81,1
1.0009,0.1,0.082,0,0.129321,17.8943,1.00092,0.0980763,0,1.00572,0.082,82,1
1.0009,0.1,0.083,0,0.129958,17.8943,1.00092,0.0980763,0,1.00572,0.083,83,1
1.0009,0.1,0.084,0,0.130599,17.8943,1.00092,0.0980763,0,1.00572,0.084,84,1
1.0009,0.1,0.085,0,0.131244,17.8943,1.00092,0.0980763,0,1.00572,0.085,85,1
1.0009,0.1,0.086,0,0.131894,17.8943,1.00092,0.0980763,0,1.00572,0.086,86,1
1.0009,0.1,0.087,0,0.132548,17.8943,1.00092,0.0980763,0,1.00572,0.087,87,1
1.0009,0.1,0.088,0,0.133207,17.8943,1.00092,0.0980763,0,1.00572,0.088,88,1
1.00102,0.1,0.089,0,0.133869,17.8951,1.00171,0.0969326,0,1.00639,0.089,89,1
1.00102,0.1,0.09,0,0.134536,17.8951,1.00171,0.0969326,0,1.00639,0.09,90,1
1.00102,0.1,0.091,0,0.135207,17.8951,1.00171,0.0969326,0,1.00639,0.091,91,1
1.00102,0.1,0.092,0,0.135882,17.8951,1.00171,0.0969326,0,1.00639,0.092,92,1
1.00102,0.1,0.093,0,0.136561,17.8951,1.00171,0.0969326,0,1.00639,0.093,93,1
1.00102,0.1,0.094,0,0.137244,17.8951,1.00171,0.0969326,0,1.00639,0.094,94,1
1.00102,0.1,0.095,0,0.137931,17.8951,1.00171,0.0969326,0,1.00639,0.095,95,1
1.00113,0.1,0.096,0,0.138622,17.8965,1.0018,0.095005,0,1.00629,0.096,96,1
1.00113,0.1,0.097,0,0.139316,17.8965,1.0018,0.095005,0,1.00629,0.097,97,1
1.00113,0.1,0.098,0,0.140014,17.8965,1.0018,0.095005,0,1.00629,0.098,98,1
1.00113,0.1,0.099,0,0.140716,17.8965,1.0018,0.095005,0,1.00629,0.099,99,1
1.00113,0.1,0.1,0,0.141421,17.8965,1.0018,0.095005,0,1.00629,0.1,100,1
1.00113,0.1,0.101,0,0.14213,17.8965,1.0018,0.095005,0,1.00629,0.101,101,1
1.00113,0.1,0.102,0,0.142843,17.8965,1.0018,0.095005,0,1.00629,0.102,102,1
1.00122,0.1,0.103,0,0.143558,17.8979,1.00095,0.0928258,0,1.00525,0.103,103,1
1.00122,0.1,0.104,0,0.144278,17.8979,1.00095,0.0928258,0,1.00525,0.104,104,1
1.00122,0.1,0.105,0,0.145,17.8979,1.00095,0.0928258,0,1.00525,0.105,105,1
1.00122,0.1,0.106,0,0.145726,17.8979,1.00095,0.0928258,0,1.00525,0.106,106,1
1.00122,0.1,0.107,0,0.146455,17.8979,1.00095,0.0928258,0,1.00525,0.107,107,1
1.00122,0.1,0.108,0,0.147187,17.8979,1.00095,0.0928258,0,1.00525,0.108,108,1
1.00122,0.1,0.109,0,0.147922,17.8979,1.00095,0.0928258,0,1.00525,0.109,109,1
1.00122,0.1,0.11,0,0.148661,17.8979,1.00095,0.0928258,0,1.00525,0.11,110,1
1.00128,0.1,0.111,0,0.149402,17.899,0.999732,0.090553,0,1.00383,0.111,111,1
1.00128,0.1,0.112,0,0.150147,17.899,0.999732,0.090553,0,1.00383,0.112,112,1
1.00128,0.1,0.113,0,0.150894,17.899,0.999732,0.090553,0,1.00383,0.113,113,1
1.00128,0.1,0.114,0,0.151644,17.899,0.999732,0.090553,0,1.00383,0.114,114,1
1.00128,0.1,0.115,0,0.152398,17.899,0.999732,0.090553,0,1.00383,0.115,115,1
1.00128,0.1,0.116,0,0.153154,17.899,0.999732,0.090553,0,1.00383,0.116,116,1
1.00128,0.1,0.117,0,0.153912,17.899,0.999732,0.090553,0,1.00383,0.117,117,1
1.00128,0.1,0.118,0,0.154674,17.899,0.999732,0.090553,0,1.00383,0.118,118,1
1.00133,0.1,0.119,0,0.155438,17.8999,0.998487,0.0882181,0,1.00238,0.119,119,1
1.00133,0.1,0.12,0,0.156205,17.8999,0.998487,0.0882181,0,1.00238,0.12,120,1
1.00133,0.1,0.121,0,0.156975,17.8999,0.998487,0.0882181,0,1.00238,0.121,121,1
1.00133,0.1,0.122,0,0.157747,17.8999,0.998487,0.0882181,0,1.00238,0.122,122,1
1.00133,0.1,0.123,0,0.158521,17.8999,0.998487,0.0882181,0,1.00238,0.123,123,1
1.00133,0.1,0.124,0,0.159298,17.8999,0.998487,0.0882181,0,1.00238,0.124,124,1
1.00133,0.1,0.125,0,0.160078,17.8999,0.998487,0.0882181,0,1.00238,0.125,125,1
1.00133,0.1,0.126,0,0.16086,17.8999,0.998487,0.0882181,0,1.00238,0.126,126,1
1.00137,0.1,0.127,0,0.161645,17.9006,0.997398,0.0858947,0,1.00109,0.127,127,1
1.00137,0.1,0.128,0,0.162432,17.9006,0.997398,0.0858947,0,1.00109,0.128,128,1
1.00137,0.1,0.129,0,0.163221,17.9006,0.997398,0.0858947,0,1.00109,0.129,129,1
1.00137,0.1,0.13,0,0.164012,17.9006,0.997398,0.0858947,0,1.00109,0.13,130,1
1.00137,0.1,0.131,0,0.164806,17.9006,0.997398,0.0858947,0,1.00109,0.131,131,1
1.00137,0.1,0.132,0,0.165602,17.9006,0.997398,0.0858947,0,1.00109,0.132,132,1
1.00137,0.1,0.133,0,0.1664,17.9006,0.997398,0.0858947,0,1.00109,0.133,133,1
1.00137,0.1,0.134,0,0.1672,17.9006,0.997398,0.0858947,0,1.00109,0.134,134,1
1.0014,0.1,0.135,0,0.168003,17.9013,0.99653,0.0836245,0,1.00003,0.135,135,1
1.0014,0.1,0.136,0,0.168808,17.9013,0.99653,0.0836245,0,1.00003,0.136,136,1
1.0014,0.1,0.137,0,0.169614,17.9013,0.99653,0.0836245,0,1.00003,0.137,137,1
1.0014,0.1,0.138,0,0.170423,17.9013,0.99653,0.0836245,0,1.00003,0.138,138,1
1.0014,0.1,0.139,0,0.171234,17.9013,0.99653,0.0836245,0,1.00003,0.139,139,1
1.0014,0.1,0.14,0,0.172047,17.9013,0.99653,0.0836245,0,1.00003,0.14,140,1
1.0014,0.1,0.141,0,0.172861,17.9013,0.99653,0.0836245,0,1.00003,0.141,141,1
1.0014,0.1,0.142,0,0.173678,17.9013,0.99653,0.0836245,0,1.00003,0.142,142,1
1.00142,0.1,0.143,0,0.174496,17.9018,0.995889,0.0814301,0,0.999213,0.143,143,1
1.00142,0.1,0.144,0,0.175317,17.9018,0.995889,0.0814301,0,0.999213,0.144,144,1
1.00142,0.1,0.145,0,0.176139,17.9018,0.995889,0.0814301,0,0.999213,0.145,145,1
1.00142,0.1,0.146,0,0.176963,17.9018,0.995889,0.0814301,0,0.999213,0.146,146,1
1.00142,0.1,0.147,0,0.177789,17.9018,0.995889,0.0814301,0,0.999213,0.147,147,1
1.00142,0.1,0.148,0,0.178617,17.9018,0.995889,0.0814301,0,0.999213,0.148,148,1
1.00142,0.1,0.149,0,0.179446,17.9018,0.995889,0.0814301,0,0.999213,0.149,149,1
1.00142,0.1,0.15,0,0.180278,17.9018,0.995889,0.0814301,0,0.999213,0.15,150,1
1.00144,0.1,0.151,0,0.18111,17.9022,0.995448,0.0793195,0,0.998603,0.151,151,1
1.00144,0.1,0.152,0,0.181945,17.9022,0.995448,0.0793195,0,0.998603,0.152,152,1
1.00144,0.1,0.153,0,0.182781,17.9022,0.995448,0.0793195,0,0.998603,0.153,153,1
1.00144,0.1,0.154,0,0.183619,17.9022,0.995448,0.0793195,0,0.998603,0.154,154,1
1.00144,0.1,0.155,0,0.184459,17.9022,0.995448,0.0793195,0,0.998603,0.155,155,1
1.00144,0.1,0.156,0,0.1853,17.9022,0.995448,0.0793195,0,0.998603,0.156,156,1
1.00144,0.1,0.157,0,0.186142,17.9022,0.995448,0.0793195,0,0.998603,0.157,157,1
1.00144,0.1,0.158,0,0.186987,17.9022,0.995448,0.0793195,0,0.998603,0.158,158,1
1.00144,0.1,0.159,0,0.187832,17.9022,0.995448,0.0793195,0,0.998603,0.159,159,1
1.00146,0.1,0.16,0,0.18868,17.9025,0.995167,0.0772918,0,0.998164,0.16,160,1
1.00146,0.1,0.161,0,0.189528,17.9025,0.995167,0.0772918,0,0.998164,0.161,161,1
1.00146,0.1,0.162,0,0.190379,17.9025,0.995167,0.0772918,0,0.998164,0.162,162,1
1.00146,0.1,0.163,0,0.19123,17.9025,0.995167,0.0772918,0,0.998164,0.163,163,1
1.00146,0.1,0.164,0,0.192083,17.9025,0.995167,0.0772918,0,0.998164,0.164,164,1
1.00146,0.1,0.165,0,0.192938,17.9025,0.995167,0.0772918,0,0.998164,0.165,165,1
1.00146,0.1,0.166,0,0.193794,17.9025,0.995167,0.0772918,0,0.998164,0.166,166,1
1.00146,0.1,0.167,0,0.194651,17.9025,0.995167,0.0772918,0,0.998164,0.167,167,1
1.00147,0.1,0.168,0,0.19551,17.9027,0.995009,0.075342,0,0.997857,0.168,168,1
1.00147,0.1,0.169,0,0.19637,17.9027,0.995009,0.075342,0,0.997857,0.169,169,1
1.00147,0.1,0.17,0,0.197231,17.9027,0.995009,0.075342,0,0.997857,0.17,170,1
1.00147,0.1,0.171,0,0.198093,17.9027,0.995009,0.075342,0,0.997857,0.171,171,1
1.00147,0.1,0.172,0,0.198957,17.9027,0.995009,0.075342,0,0.997857,0.172,172,1
1.00147,0.1,0.173,0,0.199822,17.9027,0.995009,0.075342,0,0.997857,0.173,173,1
1.00147,0.1,0.174,0,0.200689,17.9027,0.995009,0.075342,0,0.997857,0.174,174,1
1.00147,0.1,0.175,0,0.201556,17.9027,0.995009,0.075342,0,0.997857,0.175,175,1
1.00147,0.1,0.176,0,0.202425,17.9027,0.995009,0.075342,0,0.997857,0.176,176,1
1.00147,0.1,0.177,0,0.203295,17.9029,0.994939,0.0734633,0,0.997647,0.177,177,1
1.00147,0.1,0.178,0,0.204167,17.9029,0.994939,0.0734633,0,0.997647,0.178,178,1
1.00147,0.1,0.179,0,0.205039,17.9029,0.994939,0.0734633,0,0.997647,0.179,179,1
1.00147,0.1,0.18,0,0.205913,17.9029,0.994939,0.0734633,0,0.997647,0.18,180,1
1.00147,0.1,0.181,0,0.206787,17.9029,0.994939,0.0734633,0,0.997647,0.181,181,1
1.00147,0.1,0.182,0,0.207663,17.9029,0.994939,0.0734633,0,0.997647,0.182,182,1
1.00147,0.1,0.183,0,0.20854,17.9029,0.994939,0.0734633,0,0.997647,0.183,183,1
1.00147,0.1,0.184,0,0.209418,17.9029,0.994939,0.0734633,0,0.997647,0.184,184,1
1.00147,0.1,0.185,0,0.210297,17.9029,0.994939,0.0734633,0,0.997647,0.185,185,1
1.00148,0.1,0.186,0,0.211178,17.903,0.994932,0.0716496,0,0.997509,0.186,186,1
1.00148,0.1,0.187,0,0.212059,17.903,0.994932,0.0716496,0,0.997509,0.187,187,1
1.00148,0.1,0.188,0,0.212941,17.903,0.994932,0.0716496,0,0.997509,0.188,188,1
1.00148,0.1,0.189,0,0.213825,17.903,0.994932,0.0716496,0,0.997509,0.189,189,1
1.00148,0.1,0.19,0,0.214709,17.903,0.994932,0.0716496,0,0.997509,0.19,190,1
1.00148,0.1,0.191,0,0.215595,17.903,0.994932,0.0716496,0,0.997509,0.191,191,1
1.00148,0.1,0.192,0,0.216481,17.903,0.994932,0.0716496,0,0.997509,0.192,192,1
1.00148,0.1,0.193,0,0.217368,17.903,0.994932,0.0716496,0,0.997509,0.193,193,1
1.00148,0.1,0.194,0,0.218257,17.903,0.994932,0.0716496,0,0.997509,0.194,194,1
1.00148,0.1,0.195,0,0.219146,17.903,0.994932,0.0716496,0,0.997509,0.195,195,1
1.00148,0.1,0.196,0,0.220036,17.903,0.994971,0.0698961,0,0.997423,0.196,196,1
1.00148,0.1,0.197,0,0.220928,17.903,0.994971,0.0698961,0,0.997423,0.197,197,1
1.00148,0.1,0.198,0,0.22182,17.903,0.994971,0.0698961,0,0.997423,0.198,198,1
1.00148,0.1,0.199,0,0.222713,17.903,0.994971,0.0698961,0,0.997423,0.199,199,1
1.00148,0.1,0.2,0,0.223607,17.903,0.994971,0.0698961,0,0.997423,0.2,200,1
1.00148,0.1,0.201,0,0.224502,17.903,0.994971,0.0698961,0,0.997423,0.201,201,1
1.00148,0.1,0.202,0,0.225397,17.903,0.994971,0.0698961,0,0.997423,0.202,202,1
1.00148,0.1,0.203,0,0.226294,17.903,0.994971,0.0698961,0,0.997423,0.203,203,1
1.00148,0.1,0.204,0,0.227192,17.903,0.994971,0.0698961,0,0.997423,0.204,204,1
1.00148,0.1,0.205,0,0.22809,17.903,0.995043,0.0681991,0,0.997378,0.205,205,1
1.00148,0.1,0.206,0,0.228989,17.903,0.995043,0.0681991,0,0.997378,0.206,206,1
1.00148,0.1,0.207,0,0.229889,17.903,0.995043,0.0681991,0,0.997378,0.207,207,1
1.00148,0.1,0.208,0,0.23079,17.903,0.995043,0.0681991,0,0.997378,0.208,208,1
1.00148,0.1,0.209,0,0.231692,17.903,0.995043,0.0681991,0,0.997378,0.209,209,1
1.00148,0.1,0.21,0,0.232594,17.903,0.995043,0.0681991,0,0.997378,0.21,210,1
1.00148,0.1,0.211,0,0.233497,17.903,0.995043,0.0681991,0,0.997378,0.211,211,1
1.00148,0.1,0.212,0,0.234401,17.903,0.995043,0.0681991,0,0.997378,0.212,212,1
1.00148,0.1,0.213,0,0.235306,17.903,0.995043,0.0681991,0,0.997378,0.213,213,1
1.00148,0.1,0.214,0,0.236212,17.903,0.995043,0.0681991,0,0.997378,0.214,214,1
1.00148,0.1,0.215,0,0.237118,17.9029,0.995144,0.0665562,0,0.997367,0.215,215,1
1.00148,0.1,0.216,0,0.238025,17.9029,0.995144,0.0665562,0,0.997367,0.216,216,1
1.00148,0.1,0.217,0,0.238933,17.9029,0.995144,0.0665562,0,0.997367,0.217,217,1
1.00148,0.1,0.218,0,0.239842,17.9029,0.995144,0.0665562,0,0.997367,0.218,218,1
1.00148,0.1,0.219,0,0.240751,17.9029,0.995144,0.0665562,0,0.997367,0.219,219,1
1.00148,0.1,0.22,0,0.241661,17.9029,0.995144,0.0665562,0,0.997367,0.22,220,1
1.00148,0.1,0.221,0,0.242572,17.9029,0.995144,0.0665562,0,0.997367,0.221,221,1
1.00148,0.1,0.222,0,0.243483,17.9029,0.995144,0.0665562,0,0.997367,0.222,222,1
1.00148,0.1,0.223,0,0.244395,17.9029,0.995144,0.0665562,0,0.997367,0.223,223,1
1.00147,0.1,0.224,0,0.245308,17.9028,0.995267,0.0649655,0,0.997385,0.224,224,1
1.00147,0.1,0.225,0,0.246221,17.9028,0.995267,0.0649655,0,0.997385,0.225,225,1
1.00147,0.1,0.226,0,0.247136,17.9028,0.995267,0.0649655,0,0.997385,0.226,226,1
1.00147,0.1,0.227,0,0.24805,17.9028,0.995267,0.0649655,0,0.997385,0.227,227,1
1.00147,0.1,0.228,0,0.248966,17.9028,0.995267,0.0649655,0,0.997385,0.228,228,1
1.00147,0.1,0.229,0,0.249882,17.9028,0.995267,0.0649655,0,0.997385,0.229,229,1
1.00147,0.1,0.23,0,0.250799,17.9028,0.995267,0.0649655,0,0.997385,0.23,230,1
1.00147,0.1,0.231,0,0.251716,17.9028,0.995267,0.0649655,0,0.997385,0.231,231,1
1.00147,0.1,0.232,0,0.252634,17.9028,0.995267,0.0649655,0,0.997385,0.232,232,1
1.00147,0.1,0.233,0,0.253553,17.9028,0.995267,0.0649655,0,0.997385,0.233,233,1
1.00147,0.1,0.234,0,0.254472,17.9026,0.995412,0.0634256,0,0.99743,0.234,234,1
1.00147,0.1,0.235,0,0.255392,17.9026,0.995412,0.0634256,0,0.99743,0.235,235,1
1.00147,0.1,0.236,0,0.256312,17.9026,0.995412,0.0634256,0,0.99743,0.236,236,1
1.00147,0.1,0.237,0,0.257233,17.9026,0.995412,0.0634256,0,0.99743,0.237,237,1
1.00147,0.1,0.238,0,0.258155,17.9026,0.995412,0.0634256,0,0.99743,0.238,238,1
1.00147,0.1,0.239,0,0.259077,17.9026,0.995412,0.0634256,0,0.99743,0.239,239,1
1.00147,0.1,0.24,0,0.26,17.9026,0.995412,0.0634256,0,0.99743,0.24,240,1
1.00147,0.1,0.241,0,0.260923,17.9026,0.995412,0.0634256,0,0.99743,0.241,241,1
1.00147,0.1,0.242,0,0.261847,17.9026,0.995412,0.0634256,0,0.99743,0.242,242,1
1.00147,0.1,0.243,0,0.262772,17.9026,0.995412,0.0634256,0,0.99743,0.243,243,1
1.00147,0.1,0.244,0,0.263697,17.9026,0.995412,0.0634256,0,0.99743,0.244,244,1
1.00146,0.1,0.245,0,0.264622,17.9024,0.995575,0.0619351,0,0.9975,0.245,245,1
1.00146,0.1,0.246,0,0.265548,17.9024,0.995575,0.0619351,0,0.9975,0.246,246,1
1.00146,0.1,0.247,0,0.266475,17.9024,0.995575,0.0619351,0,0.9975,0.247,247,1
1.00146,0.1,0.248,0,0.267402,17.9024,0.995575,0.0619351,0,0.9975,0.248,248,1
1.00146,0.1,0.249,0,0.26833,17.9024,0.995575,0.0619351,0,0.9975,0.249,249,1
1.00146,0.1,0.25,0,0.269258,17.9024,0.995575,0.0619351,0,0.9975,0.25,250,1
1.00146,0.1,0.251,0,0.270187,17.9024,0.995575,0.0619351,0,0.9975,0.251,251,1
1.00146,0.1,0.252,0,0.271116,17.9024,0.995575,0.0619351,0,0.9975,0.252,252,1
1.00146,0.1,0.253,0,0.272046,17.9024,0.995575,0.0619351,0,0.9975,0.253,253,1
1.00146,0.1,0.254,0,0.272976,17.9024,0.995575,0.0619351,0,0.9975,0.254,254,1
1.00145,0.1,0.255,0,0.273907,17.9022,0.995755,0.0604925,0,0.997591,0.255,255,1
1.00145,0.1,0.256,0,0.274838,17.9022,0.995755,0.0604925,0,0.997591,0.256,256,1
1.00145,0.1,0.257,0,0.27577,17.9022,0.995755,0.0604925,0,0.997591,0.257,257,1
1.00145,0.1,0.258,0,0.276702,17.9022,0.995755,0.0604925,0,0.997591,0.258,258,1
1.00145,0.1,0.259,0,0.277635,17.9022,0.995755,0.0604925,0,0.997591,0.259,259,1
1.00145,0.1,0.26,0,0.278568,17.9022,0.995755,0.0604925,0,0.997591,0.26,260,1
1.00145,0.1,0.261,0,0.279501,17.9022,0.995755,0.0604925,0,0.997591,0.261,261,1
1.00145,0.1,0.262,0,0.280435,17.9022,0.995755,0.0604925,0,0.997591,0.262,262,1
1.00145,0.1,0.263,0,0.28137,17.9022,0.995755,0.0604925,0,0.997591,0.263,263,1
1.00145,0.1,0.264,0,0.282305,17.9022,0.995755,0.0604925,0,0.997591,0.264,264,1
1.00145,0.1,0.265,0,0.28324,17.9022,0.995755,0.0604925,0,0.997591,0.265,265,1
1.00144,0.1,0.266,0,0.284176,17.902,0.995949,0.0590963,0,0.997701,0.266,266,1
1.00144,0.1,0.267,0,0.285112,17.902,0.995949,0.0590963,0,0.997701,0.267,267,1
1.00144,0.1,0.268,0,0.286049,17.902,0.995949,0.0590963,0,0.997701,0.268,268,1
1.00144,0.1,0.269,0,0.286986,17.902,0.995949,0.0590963,0,0.997701,0.269,269,1
1.00144,0.1,0.27,0,0.287924,17.902,0.995949,0.0590963,0,0.997701,0.27,270,1
1.00144,0.1,0.271,0,0.288862,17.902,0.995949,0.0590963,0,0.997701,0.271,271,1
1.00144,0.1,0.272,0,0.2898,17.902,0.995949,0.0590963,0,0.997701,0.272,272,1
1.00144,0.1,0.273,0,0.290739,17.902,0.995949,0.0590963,0,0.997701,0.273,273,1
1.00144,0.1,0.274,0,0.291678,17.902,0.995949,0.0590963,0,0.997701,0.274,274,1
1.00144,0.1,0.275,0,0.292617,17.902,0.995949,0.0590963,0,0.997701,0.275,275,1
1.00144,0.1,0.276,0,0.293557,17.9017,0.996156,0.0577448,0,0.997828,0.276,276,1
1.00144,0.1,0.277,0,0.294498,17.9017,0.996156,0.0577448,0,0.997828,0.277,277,1
1.00144,0.1,0.278,0,0.295439,17.9017,0.996156,0.0577448,0,0.997828,0.278,278,1
1.00144,0.1,0.279,0,0.29638,17.9017,0.996156,0.0577448,0,0.997828,0.279,279,1
1.00144,0.1,0.28,0,0.297321,17.9017,0.996156,0.0577448,0,0.997828,0.28,280,1
1.00144,0.1,0.281,0,0.298263,17.9017,0.996156,0.0577448,0,0.997828,0.281,281,1
1.00144,0.1,0.282,0,0.299206,17.9017,0.996156,0.0577448,0,0.997828,0.282,282,1
1.00144,0.1,0.283,0,0.300148,17.9017,0.996156,0.0577448,0,0.997828,0.283,283,1
1.00144,0.1,0.284,0,0.301091,17.9017,0.996156,0.0577448,0,0.997828,0.284,284,1
1.00144,0.1,0.285,0,0.302035,17.9017,0.996156,0.0577448,0,0.997828,0.285,285,1
1.00144,0.1,0.286,0,0.302979,17.9017,0.996156,0.0577448,0,0.997828,0.286,286,1
1.00143,0.1,0.287,0,0.303923,17.9014,0.996372,0.0564363,0,0.997969,0.287,287,1
1.00143,0.1,0.288,0,0.304867,17.9014,0.996372,0.0564363,0,0.997969,0.288,288,1
1.00143,0.1,0.289,0,0.305812,17.9014,0.996372,0.0564363,0,0.997969,0.289,289,1
1.00143,0.1,0.29,0,0.306757,17.9014,0.996372,0.0564363,0,0.997969,0.29,290,1
1.00143,0.1,0.291,0,0.307703,17.9014,0.996372,0.0564363,0,0.997969,0.291,291,1
1.00143,0.1,0.292,0,0.308649,17.9014,0.996372,0.0564363,0,0.997969,0.292,292,1
1.00143,0.1,0.293,0,0.309595,17.9014,0.996372,0.0564363,0,0.997969,0.293,293,1
1.00143,0.1,0.294,0,0.310541,17.9014,0.996372,0.0564363,0,0.997969,0.294,294,1
1.00143,0.1,0.295,0,0.311488,17.9014,0.996372,0.0564363,0,0.997969,0.295,295,1
1.00143,0.1,0.296,0,0.312436,17.9014,0.996372,0.0564363,0,0.997969,0.296,296,1
1.00143,0.1,0.297,0,0.313383,17.9014,0.996372,0.0564363,0,0.997969,0.297,297,1
1.00143,0.1,0.298,0,0.314331,17.9014,0.996372,0.0564363,0,0.997969,0.298,298,1
1.00141,0.1,0.299,0,0.315279,17.9012,0.996595,0.0551689,0,0.998121,0.299,299,1
1.00141,0.1,0.3,0,0.316228,17.9012,0.996595,0.0551689,0,0.998121,0.3,300,1
1.00141,0.1,0.301,0,0.317177,17.9012,0.996595,0.0551689,0,0.998121,0.301,301,1
1.00141,0.1,0.302,0,0.318126,17.9012,0.996595,0.0551689,0,0.998121,0.302,302,1
1.00141,0.1,0.303,0,0.319075,17.9012,0.996595,0.0551689,0,0.998121,0.303,303,1
1.00141,0.1,0.304,0,0.320025,17.9012,0.996595,0.0551689,0,0.998121,0.304,304,1
1.00141,0.1,0.305,0,0.320975,17.9012,0.996595,0.0551689,0,0.998121,0.305,305,1
1.00141,0.1,0.306,0,0.321925,17.9012,0.996595,0.0551689,0,0.998121,0.306,306,1
1.00141,0.1,0.307,0,0.322876,17.9012,0.996595,0.0551689,0,0.998121,0.307,307,1
1.00141,0.1,0.308,0,0.323827,17.9012,0.996595,0.0551689,0,0.998121,0.308,308,1
1.00141,0.1,0.309,0,0.324778,17.9012,0.996595,0.0551689,0,0.998121,0.309,309,1
1.0014,0.1,0.31,0,0.32573,17.9008,0.996823,0.0539408,0,0.998282,0.31,310,1
1.0014,0.1,0.311,0,0.326682,17.9008,0.996823,0.0539408,0,0.998282,0.311,311,1
1.0014,0.1,0.312,0,0.327634,17.9008,0.996823,0.0539408,0,0.998282,0.312,312,1
1.0014,0.1,0.313,0,0.328586,17.9008,0.996823,0.0539408,0,0.998282,0.313,313,1
1.0014,0.1,0.314,0,0.329539,17.9008,0.996823,0.0539408,0,0.998282,0.314,314,1
1.0014,0.1,0.315,0,0.330492,17.9008,0.996823,0.0539408,0,0.998282,0.315,315,1
1.0014,0.1,0.316,0,0.331445,17.9008,0.996823,0.0539408,0,0.998282,0.316,316,1
1.0014,0.1,0.317,0,0.332399,17.9008,0.996823,0.0539408,0,0.998282,0.317,317,1
1.0014,0.1,0.318,0,0.333353,17.9008,0.996823,0.0539408,0,0.998282,0.318,318,1
1.0014,0.1,0.319,0,0.334307,17.9008,0.996823,0.0539408,0,0.998282,0.319,319,1
1.0014,0.1,0.32,0,0.335261,17.9008,0.996823,0.0539408,0,0.998282,0.32,320,1
1.0014,0.1,0.321,0,0.336216,17.9008,0.996823,0.0539408,0,0.998282,0.321,321,1
1.00139,0.1,0.322,0,0.337171,17.9005,0.997055,0.0527504,0,0.998449,0.322,322,1
1.00139,0.1,0.323,0,0.338126,17.9005,0.997055,0.0527504,0,0.998449,0.323,323,1
1.00139,0.1,0.324,0,0.339081,17.9005,0.997055,0.0527504,0,0.998449,0.324,324,1
1.00139,0.1,0.325,0,0.340037,17.9005,0.997055,0.0527504,0,0.998449,0.325,325,1
1.00139,0.1,0.326,0,0.340993,17.9005,0.997055,0.0527504,0,0.998449,0.326,326,1
1.00139,0.1,0.327,0,0.341949,17.9005,0.997055,0.0527504,0,0.998449,0.327,327,1
1.00139,0.1,0.328,0,0.342905,17.9005,0.997055,0.0527504,0,0.998449,0.328,328,1
1.00139,0.1,0.329,0,0.343862,17.9005,0.997055,0.0527504,0,0.998449,0.329,329,1
1.00139,0.1,0.33,0,0.344819,17.9005,0.997055,0.0527504,0,0.998449,0.33,330,1
1.00139,0.1,0.331,0,0.345776,17.9005,0.997055,0.0527504,0,0.998449,0.331,331,1
1.00139,0.1,0.332,0,0.346733,17.9005,0.997055,0.0527504,0,0.998449,0.332,332,1
1.00139,0.1,0.333,0,0.347691,17.9005,0.997055,0.0527504,0,0.998449,0.333,333,1
1.00138,0.1,0.334,0,0.348649,17.9002,0.997288,0.0515958,0,0.998622,0.334,334,1
1.00138,0.1,0.335,0,0.349607,17.9002,0.997288,0.0515958,0,0.998622,0.335,335,1
1.00138,0.1,0.336,0,0.350565,17.9002,0.997288,0.0515958,0,0.998622,0.336,336,1
1.00138,0.1,0.337,0,0.351524,17.9002,0.997288,0.0515958,0,0.998622,0.337,337,1
1.00138,0.1,0.338,0,0.352483,17.9002,0.997288,0.0515958,0,0.998622,0.338,338,1
1.00138,0.1,0.339,0,0.353442,17.9002,0.997288,0.0515958,0,0.998622,0.339,339,1
1.00138,0.1,0.34,0,0.354401,17.9002,0.997288,0.0515958,0,0.998622,0.34,340,1
1.00138,0.1,0.341,0,0.35536,17.9002,0.997288,0.0515958,0,0.998622,0.341,341,1
1.00138,0.1,0.342,0,0.35632,17.9002,0.997288,0.0515958,0,0.998622,0.342,342,1
1.00138,0.1,0.343,0,0.35728,17.9002,0.997288,0.0515958,0,0.998622,0.343,343,1
1.00138,0.1,0.344,0,0.35824,17.9002,0.997288,0.0515958,0,0.998622,0.344,344,1
1.00138,0.1,0.345,0,0.359201,17.9002,0.997288,0.0515958,0,0.998622,0.345,345,1
1.00137,0.1,0.346,0,0.360161,17.8998,0.99752,0.0504755,0,0.998796,0.346,346,1
1.00137,0.1,0.347,0,0.361122,17.8998,0.99752,0.0504755,0,0.998796,0.347,347,1
1.00137,0.1,0.348,0,0.362083,17.8998,0.99752,0.0504755,0,0.998796,0.348,348,1
1.00137,0.1,0.349,0,0.363044,17.8998,0.99752,0.0504755,0,0.998796,0.349,349,1
1.00137,0.1,0.35,0,0.364005,17.8998,0.99752,0.0504755,0,0.998796,0.35,350,1
1.00137,0.1,0.351,0,0.364967,17.8998,0.99752,0.0504755,0,0.998796,0.351,351,1
1.00137,0.1,0.352,0,0.365929,17.8998,0.99752,0.0504755,0,0.998796,0.352,352,1
1.00137,0.1,0.353,0,0.366891,17.8998,0.99752,0.0504755,0,0.998796,0.353,353,1
1.00137,0.1,0.354,0,0.367853,17.8998,0.99752,0.0504755,0,0.998796,0.354,354,1
1.00137,0.1,0.355,0,0.368816,17.8998,0.99752,0.0504755,0,0.998796,0.355,355,1
1.00137,0.1,0.356,0,0.369778,17.8998,0.99752,0.0504755,0,0.998796,0.356,356,1
1.00137,0.1,0.357,0,0.370741,17.8998,0.99752,0.0504755,0,0.998796,0.357,357,1
1.00137,0.1,0.358,0,0.371704,17.8998,0.99752,0.0504755,0,0.998796,0.358,358,1
1.00135,0.1,0.359,0,0.372667,17.8995,0.997751,0.0493879,0,0.998972,0.359,359,1
1.00135,0.1,0.36,0,0.373631,17.8995,0.997751,0.0493879,0,0.998972,0.36,360,1
1.00135,0.1,0.361,0,0.374594,17.8995,0.997751,0.0493879,0,0.998972,0.361,361,1
1.00135,0.1,0.362,0,0.375558,17.8995,0.997751,0.0493879,0,0.998972,0.362,362,1
1.00135,0.1,0.363,0,0.376522,17.8995,0.997751,0.0493879,0,0.998972,0.363,363,1
1.00135,0.1,0.364,0,0.377486,17.8995,0.997751,0.0493879,0,0.998972,0.364,364,1
1.00135,0.1,0.365,0,0.378451,17.8995,0.997751,0.0493879,0,0.998972,0.365,365,1
1.00135,0.1,0.366,0,0.379415,17.8995,0.997751,0.0493879,0,0.998972,0.366,366,1
1.00135,0.1,0.367,0,0.38038,17.8995,0.997751,0.0493879,0,0.998972,0.367,367,1
1.00135,0.1,0.368,0,0.381345,17.8995,0.997751,0.0493879,0,0.998972,0.368,368,1
1.00135,0.1,0.369,0,0.38231,17.8995,0.997751,0.0493879,0,0.998972,0.369,369,1
1.00135,0.1,0.37,0,0.383275,17.8995,0.997751,0.0493879,0,0.998972,0.37,370,1
1.00134,0.1,0.371,0,0.384241,17.8991,0.997979,0.0483315,0,0.999148,0.371,371,1
1.00134,0.1,0.372,0,0.385206,17.8991,0.997979,0.0483315,0,0.999148,0.372,372,1
1.00134,0.1,0.373,0,0.386172,17.8991,0.997979,0.0483315,0,0.999148,0.373,373,1
1.00134,0.1,0.374,0,0.387138,17.8991,0.997979,0.0483315,0,0.999148,0.374,374,1
1.00134,0.1,0.375,0,0.388104,17.8991,0.997979,0.0483315,0,0.999148,0.375,375,1
1.00134,0.1,0.376,0,0.389071,17.8991,0.997979,0.0483315,0,0.999148,0.376,376,1
1.00134,0.1,0.377,0,0.390037,17.8991,0.997979,0.0483315,0,0.999148,0.377,377,1
1.00134,0.1,0.378,0,0.391004,17.8991,0.997979,0.0483315,0,0.999148,0.378,378,1
1.00134,0.1,0.379,0,0.391971,17.8991,0.997979,0.0483315,0,0.999148,0.379,379,1
1.00134,0.1,0.38,0,0.392938,17.8991,0.997979,0.0483315,0,0.999148,0.38,380,1
1.00134,0.1,0.381,0,0.393905,17.8991,0.997979,0.0483315,0,0.999148,0.381,381,1
1.00134,0.1,0.382,0,0.394872,17.8991,0.997979,0.0483315,0,0.999148,0.382,382,1
1.00134,0.1,0.383,0,0.39584,17.8991,0.997979,0.0483315,0,0.999148,0.383,383,1
1.00133,0.1,0.384,0,0.396807,17.8988,0.998203,0.0473048,0,0.999323,0.384,384,1
1.00133,0.1,0.385,0,0.397775,17.8988,0.998203,0.0473048,0,0.999323,0.385,385,1
1.00133,0.1,0.386,0,0.398743,17.8988,0.998203,0.0473048,0,0.999323,0.386,386,1
1.00133,0.1,0.387,0,0.399711,17.8988,0.998203,0.0473048,0,0.999323,0.387,387,1
1.00133,0.1,0.388,0,0.400679,17.8988,0.998203,0.0473048,0,0.999323,0.388,388,1
1.00133,0.1,0.389,0,0.401648,17.8988,0.998203,0.0473048,0,0.999323,0.389,389,1
1.00133,0.1,0.39,0,0.402616,17.8988,0.998203,0.0473048,0,0.999323,0.39,390,1
1.00133,0.1,0.391,0,0.403585,17.8988,0.998203,0.0473048,0,0.999323,0.391,391,1
1.00133,0.1,0.392,0,0.404554,17.8988,0.998203,0.0473048,0,0.999323,0.392,392,1
1.00133,0.1,0.393,0,0.405523,17.8988,0.998203,0.0473048,0,0.999323,0.393,393,1
1.00133,0.1,0.394,0,0.406492,17.8988,0.998203,0.0473048,0,0.999323,0.394,394,1
1.00133,0.1,0.395,0,0.407462,17.8988,0.998203,0.0473048,0,0.999323,0.395,395,1
1.00133,0.1,0.396,0,0.408431,17.8988,0.998203,0.0473048,0,0.999323,0.396,396,1
1.00132,0.1,0.397,0,0.409401,17.8984,0.998421,0.0463065,0,0.999495,0.397,397,1
1.00132,0.1,0.398,0,0.410371,17.8984,0.998421,0.0463065,0,0.999495,0.398,398,1
1.00132,0.1,0.399,0,0.41134,17.8984,0.998421,0.0463065,0,0.999495,0.399,399,1
1.00132,0.1,0.4,0,0.412311,17.8984,0.998421,0.0463065,0,0.999495,0.4,400,1
1.00132,0.1,0.401,0,0.413281,17.8984,0.998421,0.0463065,0,0.999495,0.401,401,1
1.00132,0.1,0.402,0,0.414251,17.8984,0.998421,0.0463065,0,0.999495,0.402,402,1
1.00132,0.1,0.403,0,0.415222,17.8984,0.998421,0.0463065,0,0.999495,0.403,403,1
1.00132,0.1,0.404,0,0.416192,17.8984,0.998421,0.0463065,0,0.999495,0.404,404,1
1.00132,0.1,0.405,0,0.417163,17.8984,0.998421,0.0463065,0,0.999495,0.405,405,1
1.00132,0.1,0.406,0,0.418134,17.8984,0.998421,0.0463065,0,0.999495,0.406,406,1
1.00132,0.1,0.407,0,0.419105,17.8984,0.998421,0.0463065,0,0.999495,0.407,407,1
1.00132,0.1,0.408,0,0.420076,17.8984,0.998421,0.0463065,0,0.999495,0.408,408,1
1.00132,0.1,0.409,0,0.421048,17.8984,0.998421,0.0463065,0,0.999495,0.409,409,1
1.00132,0.1,0.41,0,0.422019,17.8984,0.998421,0.0463065,0,0.999495,0.41,410,1
1.0013,0.1,0.411,0,0.422991,17.898,0.998634,0.0453354,0,0.999663,0.411,411,1
1.0013,0.1,0.412,0,0.423962,17.898,0.998634,0.0453354,0,0.999663,0.412,412,1
1.0013,0.1,0.413,0,0.424934,17.898,0.998634,0.0453354,0,0.999663,0.413,413,1
1.0013,0.1,0.414,0,0.425906,17.898,0.998634,0.0453354,0,0.999663,0.414,414,1
1.0013,0.1,0.415,0,0.426878,17.898,0.998634,0.0453354,0,0.999663,0.415,415,1
1.0013,0.1,0.416,0,0.42785,17.898,0.998634,0.0453354,0,0.999663,0.416,416,1
1.0013,0.1,0.417,0,0.428823,17.898,0.998634,0.0453354,0,0.999663,0.417,417,1
1.0013,0.1,0.418,0,0.429795,17.898,0.998634,0.0453354,0,0.999663,0.418,418,1
1.0013,0.1,0.419,0,0.430768,17.898,0.998634,0.0453354,0,0.999663,0.419,419,1
1.0013,0.1,0.42,0,0.431741,17.898,0.998634,0.0453354,0,0.999663,0.42,420,1
1.0013,0.1,0.421,0,0.432714,17.898,0.998634,0.0453354,0,0.999663,0.421,421,1
1.0013,0.1,0.422,0,0.433686,17.898,0.998634,0.0453354,0,0.999663,0.422,422,1
1.0013,0.1,0.423,0,0.43466,17.898,0.998634,0.0453354,0,0.999663,0.423,423,1
1.00129,0.1,0.424,0,0.435633,17.8977,0.998841,0.04439,0,0.999827,0.424,424,1
1.00129,0.1,0.425,0,0.436606,17.8977,0.998841,0.04439,0,0.999827,0.425,425,1
1.00129,0.1,0.426,0,0.43758,17.8977,0.998841,0.04439,0,0.999827,0.426,426,1
1.00129,0.1,0.427,0,0.438553,17.8977,0.998841,0.04439,0,0.999827,0.427,427,1
1.00129,0.1,0.428,0,0.439527,17.8977,0.998841,0.04439,0,0.999827,0.428,428,1
1.00129,0.1,0.429,0,0.440501,17.8977,0.998841,0.04439,0,0.999827,0.429,429,1
1.00129,0.1,0.43,0,0.441475,17.8977,0.998841,0.04439,0,0.999827,0.43,430,1
1.00129,0.1,0.431,0,0.442449,17.8977,0.998841,0.04439,0,0.999827,0.431,431,1
1.00129,0.1,0.432,0,0.443423,17.8977,0.998841,0.04439,0,0.999827,0.432,432,1
1.00129,0.1,0.433,0,0.444397,17.8977,0.998841,0.04439,0,0.999827,0.433,433,1
1.00129,0.1,0.434,0,0.445372,17.8977,0.998841,0.04439,0,0.999827,0.434,434,1
1.00129,0.1,0.435,0,0.446346,17.8977,0.998841,0.04439,0,0.999827,0.435,435,1
1.00129,0.1,0.436,0,0.447321,17.8977,0.998841,0.04439,0,0.999827,0.436,436,1
1.00129,0.1,0.437,0,0.448296,17.8977,0.998841,0.04439,0,0.999827,0.437,437,1
1.00128,0.1,0.438,0,0.449271,17.8973,0.99904,0.0434694,0,0.999985,0.438,438,1
1.00128,0.1,0.439,0,0.450245,17.8973,0.99904,0.0434694,0,0.999985,0.439,439,1
1.00128,0.1,0.44,0,0.451221,17.8973,0.99904,0.0434694,0,0.999985,0.44,440,1
1.00128,0.1,0.441,0,0.452196,17.8973,0.99904,0.0434694,0,0.999985,0.441,441,1
1.00128,0.1,0.442,0,0.453171,17.8973,0.99904,0.0434694,0,0.999985,0.442,442,1
1.00128,0.1,0.443,0,0.454146,17.8973,0.99904,0.0434694,0,0.999985,0.443,443,1
1.00128,0.1,0.444,0,0.455122,17.8973,0.99904,0.0434694,0,0.999985,0.444,444,1
1.00128,0.1,0.445,0,0.456098,17.8973,0.99904,0.0434694,0,0.999985,0.445,445,1
1.00128,0.1,0.446,0,0.457073,17.8973,0.99904,0.0434694,0,0.999985,0.446,446,1
1.00128,0.1,0.447,0,0.458049,17.8973,0.99904,0.0434694,0,0.999985,0.447,447,1
1.00128,0.1,0.448,0,0.459025,17.8973,0.99904,0.0434694,0,0.999985,0.448,448,1
1.00128,0.1,0.449,0,0.460001,17.8973,0.99904,0.0434694,0,0.999985,0.449,449,1
1.00128,0.1,0.45,0,0.460977,17.8973,0.99904,0.0434694,0,0.999985,0.45,450,1
1.00128,0.1,0.451,0,0.461953,17.8973,0.99904,0.0434694,0,0.999985,0.451,451,1
1.00128,0.1,0.452,0,0.46293,17.8973,0.99904,0.0434694,0,0.999985,0.452,452,1
1.00126,0.1,0.453,0,0.463906,17.8969,0.999231,0.0425723,0,1.00014,0.453,453,1
1.00126,0.1,0.454,0,0.464883,17.8969,0.999231,0.0425723,0,1.00014,0.454,454,1
1.00126,0.1,0.455,0,0.465859,17.8969,0.999231,0.0425723,0,1.00014,0.455,455,1
1.00126,0.1,0.456,0,0.466836,17.8969,0.999231,0.0425723,0,1.00014,0.456,456,1
1.00126,0.1,0.457,0,0.467813,17.8969,0.999231,0.0425723,0,1.00014,0.457,457,1
1.00126,0.1,0.458,0,0.46879,17.8969,0.999231,0.0425723,0,1.00014,0.458,458,1
1.00126,0.1,0.459,0,0.469767,17.8969,0.999231,0.0425723,0,1.00014,0.459,459,1
1.00126,0.1,0.46,0,0.470744,17.8969,0.999231,0.0425723,0,1.00014,0.46,460,1
1.00126,0.1,0.461,0,0.471721,17.8969,0.999231,0.0425723,0,1.00014,0.461,461,1
1.00126,0.1,0.462,0,0.472699,17.8969,0.999231,0.0425723,0,1.00014,0.462,462,1
1.00126,0.1,0.463,0,0.473676,17.8969,0.999231,0.0425723,0,1.00014,0.463,463,1
1.00126,0.1,0.464,0,0.474654,17.8969,0.999231,0.0425723,0,1.00014,0.464,464,1
1.00126,0.1,0.465,0,0.475631,17.8969,0.999231,0.0425723,0,1.00014,0.465,465,1
1.00126,0.1,0.466,0,0.476609,17.8969,0.999231,0.0425723,0,1.00014,0.466,466,1
1.00125,0.1,0.467,0,0.477587,17.8965,0.999415,0.0416978,0,1.00028,0.467,467,1
1.00125,0.1,0.468,0,0.478565,17.8965,0.999415,0.0416978,0,1.00028,0.468,468,1
1.00125,0.1,0.469,0,0.479543,17.8965,0.999415,0.0416978,0,1.00028,0.469,469,1
1.00125,0.1,0.47,0,0.480521,17.8965,0.999415,0.0416978,0,1.00028,0.47,470,1
1.00125,0.1,0.471,0,0.481499,17.8965,0.999415,0.0416978,0,1.00028,0.471,471,1
1.00125,0.1,0.472,0,0.482477,17.8965,0.999415,0.0416978,0,1.00028,0.472,472,1
1.00125,0.1,0.473,0,0.483455,17.8965,0.999415,0.0416978,0,1.00028,0.473,473,1
1.00125,0.1,0.474,0,0.484434,17.8965,0.999415,0.0416978,0,1.00028,0.474,474,1
1.00125,0.1,0.475,0,0.485412,17.8965,0.999415,0.0416978,0,1.00028,0.475,475,1
1.00125,0.1,0.476,0,0.486391,17.8965,0.999415,0.0416978,0,1.00028,0.476,476,1
1.00125,0.1,0.477,0,0.487369,17.8965,0.999415,0.0416978,0,1.00028,0.477,477,1
1.00125,0.1,0.478,0,0.488348,17.8965,0.999415,0.0416978,0,1.00028,0.478,478,1
1.00125,0.1,0.479,0,0.489327,17.8965,0.999415,0.0416978,0,1.00028,0.479,479,1
1.00125,0.1,0.48,0,0.490306,17.8965,0.999415,0.0416978,0,1.00028,0.48,480,1
1.00125,0.1,0.481,0,0.491285,17.8965,0.999415,0.0416978,0,1.00028,0.481,481,1
1.00124,0.1,0.482,0,0.492264,17.8961,0.999589,0.0408447,0,1.00042,0.482,482,1
1.00124,0.1,0.483,0,0.493243,17.8961,0.999589,0.0408447,0,1.00042,0.483,483,1
1.00124,0.1,0.484,0,0.494223,17.8961,0.999589,0.0408447,0,1.00042,0.484,484,1
1.00124,0.1,0.485,0,0.495202,17.8961,0.999589,0.0408447,0,1.00042,0.485,485,1
1.00124,0.1,0.486,0,0.496181,17.8961,0.999589,0.0408447,0,1.00042,0.486,486,1
1.00124,0.1,0.487,0,0.497161,17.8961,0.999589,0.0408447,0,1.00042,0.487,487,1
1.00124,0.1,0.488,0,0.498141,17.8961,0.999589,0.0408447,0,1.00042,0.488,488,1
1.00124,0.1,0.489,0,0.49912,17.8961,0.999589,0.0408447,0,1.00042,0.489,489,1
1.00124,0.1,0.49,0,0.5001,17.8961,0.999589,0.0408447,0,1.00042,0.49,490,1
1.00124,0.1,0.491,0,0.50108,17.8961,0.999589,0.0408447,0,1.00042,0.491,491,1
1.00124,0.1,0.492,0,0.50206,17.8961,0.999589,0.0408447,0,1.00042,0.492,492,1
1.00124,0.1,0.493,0,0.50304,17.8961,0.999589,0.0408447,0,1.00042,0.493,493,1
1.00124,0.1,0.494,0,0.50402,17.8961,0.999589,0.0408447,0,1.00042,0.494,494,1
1.00124,0.1,0.495,0,0.505,17.8961,0.999589,0.0408447,0,1.00042,0.495,495,1
1.00124,0.1,0.496,0,0.50598,17.8961,0.999589,0.0408447,0,1.00042,0.496,496,1
1.00122,0.1,0.497,0,0.506961,17.8957,0.999754,0.0400122,0,1.00055,0.497,497,1
1.00122,0.1,0.498,0,0.507941,17.8957,0.999754,0.0400122,0,1.00055,0.498,498,1
1.00122,0.1,0.499,0,0.508921,17.8957,0.999754,0.0400122,0,1.00055,0.499,499,1
1.00122,0.1,0.5,0,0.509902,17.8957,0.999754,0.0400122,0,1.00055,0.5,500,1
1.00122,0.1,0.501,0,0.510883,17.8957,0.999754,0.0400122,0,1.00055,0.501,501,1
1.00122,0.1,0.502,0,0.511863,17.8957,0.999754,0.0400122,0,1.00055,0.502,502,1
1.00122,0.1,0.503,0,0.512844,17.8957,0.999754,0.0400122,0,1.00055,0.503,503,1
1.00122,0.1,0.504,0,0.513825,17.8957,0.999754,0.0400122,0,1.00055,0.504,504,1
1.00122,0.1,0.505,0,0.514806,17.8957,0.999754,0.0400122,0,1.00055,0.505,505,1
1.00122,0.1,0.506,0,0.515787,17.8957,0.999754,0.0400122,0,1.00055,0.506,506,1
1.00122,0.1,0.507,0,0.516768,17.8957,0.999754,0.0400122,0,1.00055,0.507,507,1
1.00122,0.1,0.508,0,0.517749,17.8957,0.999754,0.0400122,0,1.00055,0.508,508,1
1.00122,0.1,0.509,0,0.51873,17.8957,0.999754,0.0400122,0,1.00055,0.509,509,1
1.00122,0.1,0.51,0,0.519711,17.8957,0.999754,0.0400122,0,1.00055,0.51,510,1
1.00122,0.1,0.511,0,0.520693,17.8957,0.999754,0.0400122,0,1.00055,0.511,511,1
1.00122,0.1,0.512,0,0.521674,17.8957,0.999754,0.0400122,0,1.00055,0.512,512,1
1.00121,0.1,0.513,0,0.522656,17.8953,0.999911,0.0391993,0,1.00068,0.513,513,1
1.00121,0.1,0.514,0,0.523637,17.8953,0.999911,0.0391993,0,1.00068,0.514,514,1
1.00121,0.1,0.515,0,0.524619,17.8953,0.999911,0.0391993,0,1.00068,0.515,515,1
1.00121,0.1,0.516,0,0.525601,17.8953,0.999911,0.0391993,0,1.00068,0.516,516,1
1.00121,0.1,0.517,0,0.526582,17.8953,0.999911,0.0391993,0,1.00068,0.517,517,1
1.00121,0.1,0.518,0,0.527564,17.8953,0.999911,0.0391993,0,1.00068,0.518,518,1
1.00121,0.1,0.519,0,0.528546,17.8953,0.999911,0.0391993,0,1.00068,0.519,519,1
1.00121,0.1,0.52,0,0.529528,17.8953,0.999911,0.0391993,0,1.00068,0.52,520,1
1.00121,0.1,0.521,0,0.53051,17.8953,0.999911,0.0391993,0,1.00068,0.521,521,1
1.00121,0.1,0.522,0,0.531492,17.8953,0.999911,0.0391993,0,1.00068,0.522,522,1
1.00121,0.1,0.523,0,0.532474,17.8953,0.999911,0.0391993,0,1.00068,0.523,523,1
1.00121,0.1,0.524,0,0.533457,17.8953,0.999911,0.0391993,0,1.00068,0.524,524,1
1.00121,0.1,0.525,0,0.534439,17.8953,0.999911,0.0391993,0,1.00068,0.525,525,1
1.00121,0.1,0.526,0,0.535421,17.8953,0.999911,0.0391993,0,1.00068,0.526,526,1
1.00121,0.1,0.527,0,0.536404,17.8953,0.999911,0.0391993,0,1.00068,0.527,527,1
1.00121,0.1,0.528,0,0.537386,17.8953,0.999911,0.0391993,0,1.00068,0.528,528,1
1.0012,0.1,0.529,0,0.538369,17.895,1.00006,0.0384052,0,1.00079,0.529,529,1
1.0012,0.1,0.53,0,0.539351,17.895,1.00006,0.0384052,0,1.00079,0.53,530,1
1.0012,0.1,0.531,0,0.540334,17.895,1.00006,0.0384052,0,1.00079,0.531,531,1
1.0012,0.1,0.532,0,0.541317,17.895,1.00006,0.0384052,0,1.00079,0.532,532,1
1.0012,0.1,0.533,0,0.5423,17.895,1.00006,0.0384052,0,1.00079,0.533,533,1
1.0012,0.1,0.534,0,0.543283,17.895,1.00006,0.0384052,0,1.00079,0.534,534,1
1.0012,0.1,0.535,0,0.544266,17.895,1.00006,0.0384052,0,1.00079,0.535,535,1
1.0012,0.1,0.536,0,0.545249,17.895,1.00006,0.0384052,0,1.00079,0.536,536,1
1.0012,0.1,0.537,0,0.546232,17.895,1.00006,0.0384052,0,1.00079,0.537,537,1
1.0012,0.1,0.538,0,0.547215,17.895,1.00006,0.0384052,0,1.00079,0.538,538,1
1.0012,0.1,0.539,0,0.548198,17.895,1.00006,0.0384052,0,1.00079,0.539,539,1
1.0012,0.1,0.54,0,0.549181,17.895,1.00006,0.0384052,0,1.00079,0.54,540,1
1.0012,0.1,0.541,0,0.550165,17.895,1.00006,0.0384052,0,1.00079,0.541,541,1
1.0012,0.1,0.542,0,0.551148,17.895,1.00006,0.0384052,0,1.00079,0.542,542,1
1.0012,0.1,0.543,0,0.552131,17.895,1.00006,0.0384052,0,1.00079,0.543,543,1
1.0012,0.1,0.544,0,0.553115,17.895,1.00006,0.0384052,0,1.00079,0.544,544,1
1.00118,0.1,0.545,0,0.554098,17.8946,1.00019,0.037629,0,1.0009,0.545,545,1
1.00118,0.1,0.546,0,0.555082,17.8946,1.00019,0.037629,0,1.0009,0.546,546,1
1.00118,0.1,0.547,0,0.556066,17.8946,1.00019,0.037629,0,1.0009,0.547,547,1
1.00118,0.1,0.548,0,0.557049,17.8946,1.00019,0.037629,0,1.0009,0.548,548,1
1.00118,0.1,0.549,0,0.558033,17.8946,1.00019,0.037629,0,1.0009,0.549,549,1
1.00118,0.1,0.55,0,0.559017,17.8946,1.00019,0.037629,0,1.0009,0.55,550,1
1.00118,0.1,0.551,0,0.560001,17.8946,1.00019,0.037629,0,1.0009,0.551,551,1
1.00118,0.1,0.552,0,0.560985,17.8946,1.00019,0.037629,0,1.0009,0.552,552,1
1.00118,0.1,0.553,0,0.561969,17.8946,1.00019,0.037629,0,1.0009,0.553,553,1
1.00118,0.1,0.554,0,0.562953,17.8946,1.00019,0.037629,0,1.0009,0.554,554,1
1.00118,0.1,0.555,0,0.563937,17.8946,1.00019,0.037629,0,1.0009,0.555,555,1
1.00118,0.1,0.556,0,0.564921,17.8946,1.00019,0.037629,0,1.0009,0.556,556,1
1.00118,0.1,0.557,0,0.565905,17.8946,1.00019,0.037629,0,1.0009,0.557,557,1
1.00118,0.1,0.558,0,0.56689,17.8946,1.00019,0.037629,0,1.0009,0.558,558,1
1.00118,0.1,0.559,0,0.567874,17.8946,1.00019,0.037629,0,1.0009,0.559,559,1
1.00118,0.1,0.56,0,0.568859,17.8946,1.00019,0.037629,0,1.0009,0.56,560,1
1.00117,0.1,0.561,0,0.569843,17.8942,1.00032,0.0368701,0,1.001,0.561,561,1
1.00117,0.1,0.562,0,0.570827,17.8942,1.00032,0.0368701,0,1.001,0.562,562,1
1.00117,0.1,0.563,0,0.571812,17.8942,1.00032,0.0368701,0,1.001,0.563,563,1
1.00117,0.1,0.564,0,0.572797,17.8942,1.00032,0.0368701,0,1.001,0.564,564,1
1.00117,0.1,0.565,0,0.573781,17.8942,1.00032,0.0368701,0,1.001,0.565,565,1
1.00117,0.1,0.566,0,0.574766,17.8942,1.00032,0.0368701,0,1.001,0.566,566,1
1.00117,0.1,0.567,0,0.575751,17.8942,1.00032,0.0368701,0,1.001,0.567,567,1
1.00117,0.1,0.568,0,0.576736,17.8942,1.00032,0.0368701,0,1.001,0.568,568,1
1.00117,0.1,0.569,0,0.577721,17.8942,1.00032,0.0368701,0,1.001,0.569,569,1
1.00117,0.1,0.57,0,0.578705,17.8942,1.00032,0.0368701,0,1.001,0.57,570,1
1.00117,0.1,0.571,0,0.57969,17.8942,1.00032,0.0368701,0,1.001,0.571,571,1
1.00117,0.1,0.572,0,0.580675,17.8942,1.00032,0.0368701,0,1.001,0.572,572,1
1.00117,0.1,0.573,0,0.581661,17.8942,1.00032,0.0368701,0,1.001,0.573,573,1
1.00117,0.1,0.574,0,0.582646,17.8942,1.00032,0.0368701,0,1.001,0.574,574,1
1.00117,0.1,0.575,0,0.583631,17.8942,1.00032,0.0368701,0,1.001,0.575,575,1
1.00117,0.1,0.576,0,0.584616,17.8942,1.00032,0.0368701,0,1.001,0.576,576,1
1.00117,0.1,0.577,0,0.585601,17.8942,1.00032,0.0368701,0,1.001,0.577,577,1
1.00116,0.1,0.578,0,0.586587,17.8938,1.00044,0.0361277,0,1.00109,0.578,578,1
1.00116,0.1,0.579,0,0.587572,17.8938,1.00044,0.0361277,0,1.00109,0.579,579,1
1.00116,0.1,0.58,0,0.588558,17.8938,1.00044,0.0361277,0,1.00109,0.58,580,1
1.00116,0.1,0.581,0,0.589543,17.8938,1.00044,0.0361277,0,1.00109,0.581,581,1
1.00116,0.1,0.582,0,0.590529,17.8938,1.00044,0.0361277,0,1.00109,0.582,582,1
1.00116,0.1,0.583,0,0.591514,17.8938,1.00044,0.0361277,0,1.00109,0.583,583,1
1.00116,0.1,0.584,0,0.5925,17.8938,1.00044,0.0361277,0,1.00109,0.584,584,1
1.00116,0.1,0.585,0,0.593485,17.8938,1.00044,0.0361277,0,1.00109,0.585,585,1
1.00116,0.1,0.586,0,0.594471,17.8938,1.00044,0.0361277,0,1.00109,0.586,586,1
1.00116,0.1,0.587,0,0.595457,17.8938,1.00044,0.0361277,0,1.00109,0.587,587,1
1.00116,0.1,0.588,0,0.596443,17.8938,1.00044,0.0361277,0,1.00109,0.588,588,1
1.00116,0.1,0.589,0,0.597429,17.8938,1.00044,0.0361277,0,1.00109,0.589,589,1
1.00116,0.1,0.59,0,0.598415,17.8938,1.00044,0.0361277,0,1.00109,0.59,590,1
1.00116,0.1,0.591,0,0.599401,17.8938,1.00044,0.0361277,0,1.00109,0.591,591,1
1.00116,0.1,0.592,0,0.600387,17.8938,1.00044,0.0361277,0,1.00109,0.592,592,1
1.00116,0.1,0.593,0,0.601373,17.8938,1.00044,0.0361277,0,1.00109,0.593,593,1
1.00116,0.1,0.594,0,0.602359,17.8938,1.00044,0.0361277,0,1.00109,0.594,594,1
1.00114,0.1,0.595,0,0.603345,17.8934,1.00054,0.0354011,0,1.00117,0.595,595,1
1.00114,0.1,0.596,0,0.604331,17.8934,1.00054,0.0354011,0,1.00117,0.596,596,1
1.00114,0.1,0.597,0,0.605317,17.8934,1.00054,0.0354011,0,1.00117,0.597,597,1
1.00114,0.1,0.598,0,0.606304,17.8934,1.00054,0.0354011,0,1.00117,0.598,598,1
1.00114,0.1,0.599,0,0.60729,17.8934,1.00054,0.0354011,0,1.00117,0.599,599,1
1.00114,0.1,0.6,0,0.608276,17.8934,1.00054,0.0354011,0,1.00117,0.6,600,1
1.00114,0.1,0.601,0,0.609263,17.8934,1.00054,0.0354011,0,1.00117,0.601,601,1
1.00114,0.1,0.602,0,0.610249,17.8934,1.00054,0.0354011,0,1.00117,0.602,602,1
1.00114,0.1,0.603,0,0.611236,17.8934,1.00054,0.0354011,0,1.00117,0.603,603,1
1.00114,0.1,0.604,0,0.612222,17.8934,1.00054,0.0354011,0,1.00117,0.604,604,1
1.00114,0.1,0.605,0,0.613209,17.8934,1.00054,0.0354011,0,1.00117,0.605,605,1
1.00114,0.1,0.606,0,0.614195,17.8934,1.00054,0.0354011,0,1.00117,0.606,606,1
1.00114,0.1,0.607,0,0.615182,17.8934,1.00054,0.0354011,0,1.00117,0.607,607,1
1.00114,0.1,0.608,0,0.616169,17.8934,1.00054,0.0354011,0,1.00117,0.608,608,1
1.00114,0.1,0.609,0,0.617156,17.8934,1.00054,0.0354011,0,1.00117,0.609,609,1
1.00114,0.1,0.61,0,0.618142,17.8934,1.00054,0.0354011,0,1.00117,0.61,610,1
1.00114,0.1,0.611,0,0.619129,17.8934,1.00054,0.0354011,0,1.00117,0.611,611,1
1.00113,0.1,0.612,0,0.620116,17.893,1.00064,0.0346896,0,1.00124,0.612,612,1
1.00113,0.1,0.613,0,0.621103,17.893,1.00064,0.0346896,0,1.00124,0.613,613,1
1.00113,0.1,0.614,0,0.62209,17.893,1.00064,0.0346896,0,1.00124,0.614,614,1
1.00113,0.1,0.615,0,0.623077,17.893,1.00064,0.0346896,0,1.00124,0.615,615,1
1.00113,0.1,0.616,0,0.624064,17.893,1.00064,0.0346896,0,1.00124,0.616,616,1
1.00113,0.1,0.617,0,0.625051,17.893,1.00064,0.0346896,0,1.00124,0.617,617,1
1.00113,0.1,0.618,0,0.626038,17.893,1.00064,0.0346896,0,1.00124,0.618,618,1
1.00113,0.1,0.619,0,0.627026,17.893,1.00064,0.0346896,0,1.00124,0.619,619,1
1.00113,0.1,0.62,0,0.628013,17.893,1.00064,0.0346896,0,1.00124,0.62,620,1
1.00113,0.1,0.621,0,0.629,17.893,1.00064,0.0346896,0,1.00124,0.621,621,1
1.00113,0.1,0.622,0,0.629987,17.893,1.00064,0.0346896,0,1.00124,0.622,622,1
1.00113,0.1,0.623,0,0.630975,17.893,1.00064,0.0346896,0,1.00124,0.623,623,1
1.00113,0.1,0.624,0,0.631962,17.893,1.00064,0.0346896,0,1.00124,0.624,624,1
1.00113,0.1,0.625,0,0.632949,17.893,1.00064,0.0346896,0,1.00124,0.625,625,1
1.00113,0.1,0.626,0,0.633937,17.893,1.00064,0.0346896,0,1.00124,0.626,626,1
1.00113,0.1,0.627,0,0.634924,17.893,1.00064,0.0346896,0,1.00124,0.627,627,1
1.00113,0.1,0.628,0,0.635912,17.893,1.00064,0.0346896,0,1.00124,0.628,628,1
1.00113,0.1,0.629,0,0.6369,17.893,1.00064,0.0346896,0,1.00124,0.629,629,1
1.00112,0.1,0.63,0,0.637887,17.8926,1.00073,0.0339927,0,1.00131,0.63,630,1
1.00112,0.1,0.631,0,0.638875,17.8926,1.00073,0.0339927,0,1.00131,0.631,631,1
1.00112,0.1,0.632,0,0.639863,17.8926,1.00073,0.0339927,0,1.00131,0.632,632,1
1.00112,0.1,0.633,0,0.64085,17.8926,1.00073,0.0339927,0,1.00131,0.633,633,1
1.00112,0.1,0.634,0,0.641838,17.8926,1.00073,0.0339927,0,1.00131,0.634,634,1
1.00112,0.1,0.635,0,0.642826,17.8926,1.00073,0.0339927,0,1.00131,0.635,635,1
1.00112,0.1,0.636,0,0.643814,17.8926,1.00073,0.0339927,0,1.00131,0.636,636,1
1.00112,0.1,0.637,0,0.644802,17.8926,1.00073,0.0339927,0,1.00131,0.637,637,1
1.00112,0.1,0.638,0,0.645789,17.8926,1.00073,0.0339927,0,1.00131,0.638,638,1
1.00112,0.1,0.639,0,0.646777,17.8926,1.00073,0.0339927,0,1.00131,0.639,639,1
1.00112,0.1,0.64,0,0.647765,17.8926,1.00073,0.0339927,0,1.00131,0.64,640,1
1.00112,0.1,0.641,0,0.648753,17.8926,1.00073,0.0339927,0,1.00131,0.641,641,1
1.00112,0.1,0.642,0,0.649742,17.8926,1.00073,0.0339927,0,1.00131,0.642,642,1
1.00112,0.1,0.643,0,0.65073,17.8926,1.00073,0.0339927,0,1.00131,0.643,643,1
1.00112,0.1,0.644,0,0.651718,17.8926,1.00073,0.0339927,0,1.00131,0.644,644,1
1.00112,0.1,0.645,0,0.652706,17.8926,1.00073,0.0339927,0,1.00131,0.645,645,1
1.00112,0.1,0.646,0,0.653694,17.8926,1.00073,0.0339927,0,1.00131,0.646,646,1
1.00112,0.1,0.647,0,0.654682,17.8926,1.00073,0.0339927,0,1.00131,0.647,647,1
1.0011,0.1,0.648,0,0.655671,17.8922,1.0008,0.0333099,0,1.00136,0.648,648,1
1.0011,0.1,0.649,0,0.656659,17.8922,1.0008,0.0333099,0,1.00136,0.649,649,1
1.0011,0.1,0.65,0,0.657647,17.8922,1.0008,0.0333099,0,1.00136,0.65,650,1
1.0011,0.1,0.651,0,0.658636,17.8922,1.0008,0.0333099,0,1.00136,0.651,651,1
1.0011,0.1,0.652,0,0.659624,17.8922,1.0008,0.0333099,0,1.00136,0.652,652,1
1.0011,0.1,0.653,0,0.660613,17.8922,1.0008,0.0333099,0,1.00136,0.653,653,1
1.0011,0.1,0.654,0,0.661601,17.8922,1.0008,0.0333099,0,1.00136,0.654,654,1
1.0011,0.1,0.655,0,0.66259,17.8922,1.0008,0.0333099,0,1.00136,0.655,655,1
1.0011,0.1,0.656,0,0.663578,17.8922,1.0008,0.0333099,0,1.00136,0.656,656,1
1.0011,0.1,0.657,0,0.664567,17.8922,1.0008,0.0333099,0,1.00136,0.657,657,1
1.0011,0.1,0.658,0,0.665555,17.8922,1.0008,0.0333099,0,1.00136,0.658,658,1
1.0011,0.1,0.659,0,0.666544,17.8922,1.0008,0.0333099,0,1.00136,0.659,659,1
1.0011,0.1,0.66,0,0.667533,17.8922,1.0008,0.0333099,0,1.00136,0.66,660,1
1.0011,0.1,0.661,0,0.668522,17.8922,1.0008,0.0333099,0,1.00136,0.661,661,1
1.0011,0.1,0.662,0,0.66951,17.8922,1.0008,0.0333099,0,1.00136,0.662,662,1
1.0011,0.1,0.663,0,0.670499,17.8922,1.0008,0.0333099,0,1.00136,0.663,663,1
1.0011,0.1,0.664,0,0.671488,17.8922,1.0008,0.0333099,0,1.00136,0.664,664,1
1.0011,0.1,0.665,0,0.672477,17.8922,1.0008,0.0333099,0,1.00136,0.665,665,1
1.0011,0.1,0.666,0,0.673466,17.8922,1.0008,0.0333099,0,1.00136,0.666,666,1
1.00109,0.1,0.667,0,0.674455,17.8919,1.00087,0.0326404,0,1.0014,0.667,667,1
1.00109,0.1,0.668,0,0.675444,17.8919,1.00087,0.0326404,0,1.0014,0.668,668,1
1.00109,0.1,0.669,0,0.676433,17.8919,1.00087,0.0326404,0,1.0014,0.669,669,1
1.00109,0.1,0.67,0,0.677422,17.8919,1.00087,0.0326404,0,1.0014,0.67,670,1
1.00109,0.1,0.671,0,0.678411,17.8919,1.00087,0.0326404,0,1.0014,0.671,671,1
1.00109,0.1,0.672,0,0.6794,17.8919,1.00087,0.0326404,0,1.0014,0.672,672,1
1.00109,0.1,0.673,0,0.680389,17.8919,1.00087,0.0326404,0,1.0014,0.673,673,1
1.00109,0.1,0.674,0,0.681378,17.8919,1.00087,0.0326404,0,1.0014,0.674,674,1
1.00109,0.1,0.675,0,0.682367,17.8919,1.00087,0.0326404,0,1.0014,0.675,675,1
1.00109,0.1,0.676,0,0.683356,17.8919,1.00087,0.0326404,0,1.0014,0.676,676,1
1.00109,0.1,0.677,0,0.684346,17.8919,1.00087,0.0326404,0,1.0014,0.677,677,1
1.00109,0.1,0.678,0,0.685335,17.8919,1.00087,0.0326404,0,1.0014,0.678,678,1
1.00109,0.1,0.679,0,0.686324,17.8919,1.00087,0.0326404,0,1.0014,0.679,679,1
1.00109,0.1,0.68,0,0.687314,17.8919,1.00087,0.0326404,0,1.0014,0.68,680,1
1.00109,0.1,0.681,0,0.688303,17.8919,1.00087,0.0326404,0,1.0014,0.681,681,1
1.00109,0.1,0.682,0,0.689292,17.8919,1.00087,0.0326404,0,1.0014,0.682,682,1
1.00109,0.1,0.683,0,0.690282,17.8919,1.00087,0.0326404,0,1.0014,0.683,683,1
1.00109,0.1,0.684,0,0.691271,17.8919,1.00087,0.0326404,0,1.0014,0.684,684,1
1.00108,0.1,0.685,0,0.692261,17.8915,1.00093,0.031984,0,1.00144,0.685,685,1
1.00108,0.1,0.686,0,0.69325,17.8915,1.00093,0.031984,0,1.00144,0.686,686,1
1.00108,0.1,0.687,0,0.69424,17.8915,1.00093,0.031984,0,1.00144,0.687,687,1
1.00108,0.1,0.688,0,0.695229,17.8915,1.00093,0.031984,0,1.00144,0.688,688,1
1.00108,0.1,0.689,0,0.696219,17.8915,1.00093,0.031984,0,1.00144,0.689,689,1
1.00108,0.1,0.69,0,0.697209,17.8915,1.00093,0.031984,0,1.00144,0.69,690,1
1.00108,0.1,0.691,0,0.698198,17.8915,1.00093,0.031984,0,1.00144,0.691,691,1
1.00108,0.1,0.692,0,0.699188,17.8915,1.00093,0.031984,0,1.00144,0.692,692,1
1.00108,0.1,0.693,0,0.700178,17.8915,1.00093,0.031984,0,1.00144,0.693,693,1
1.00108,0.1,0.694,0,0.701168,17.8915,1.00093,0.031984,0,1.00144,0.694,694,1
1.00108,0.1,0.695,0,0.702157,17.8915,1.00093,0.031984,0,1.00144,0.695,695,1
1.00108,0.1,0.696,0,0.703147,17.8915,1.00093,0.031984,0,1.00144,0.696,696,1
1.00108,0.1,0.697,0,0.704137,17.8915,1.00093,0.031984,0,1.00144,0.697,697,1
1.00108,0.1,0.698,0,0.705127,17.8915,1.00093,0.031984,0,1.00144,0.698,698,1
1.00108,0.1,0.699,0,0.706117,17.8915,1.00093,0.031984,0,1.00144,0.699,699,1
1.00108,0.1,0.7,0,0.707107,17.8915,1.00093,0.031984,0,1.00144,0.7,700,1
1.00108,0.1,0.701,0,0.708097,17.8915,1.00093,0.031984,0,1.00144,0.701,701,1
1.00108,0.1,0.702,0,0.709087,17.8915,1.00093,0.031984,0,1.00144,0.702,702,1
1.00108,0.1,0.703,0,0.710077,17.8915,1.00093,0.031984,0,1.00144,0.703,703,1
1.00108,0.1,0.704,0,0.711067,17.8915,1.00093,0.031984,0,1.00144,0.704,704,1
1.00107,0.1,0.705,0,0.712057,17.8911,1.00098,0.03134,0,1.00147,0.705,705,1
1.00107,0.1,0.706,0,0.713047,17.8911,1.00098,0.03134,0,1.00147,0.706,706,1
1.00107,0.1,0.707,0,0.714037,17.8911,1.00098,0.03134,0,1.00147,0.707,707,1
1.00107,0.1,0.708,0,0.715027,17.8911,1.00098,0.03134,0,1.00147,0.708,708,1
1.00107,0.1,0.709,0,0.716017,17.8911,1.00098,0.03134,0,1.00147,0.709,709,1
1.00107,0.1,0.71,0,0.717008,17.8911,1.00098,0.03134,0,1.00147,0.71,710,1
1.00107,0.1,0.711,0,0.717998,17.8911,1.00098,0.03134,0,1.00147,0.711,711,1
1.00107,0.1,0.712,0,0.718988,17.8911,1.00098,0.03134,0,1.00147,0.712,712,1
1.00107,0.1,0.713,0,0.719979,17.8911,1.00098,0.03134,0,1.00147,0.713,713,1
1.00107,0.1,0.714,0,0.720969,17.8911,1.00098,0.03134,0,1.00147,0.714,714,1
1.00107,0.1,0.715,0,0.721959,17.8911,1.00098,0.03134,0,1.00147,0.715,715,1
1.00107,0.1,0.716,0,0.72295,17.8911,1.00098,0.03134,0,1.00147,0.716,716,1
1.00107,0.1,0.717,0,0.72394,17.8911,1.00098,0.03134,0,1.00147,0.717,717,1
1.00107,0.1,0.718,0,0.72493,17.8911,1.00098,0.03134,0,1.00147,0.718,718,1
1.00107,0.1,0.719,0,0.725921,17.8911,1.00098,0.03134,0,1.00147,0.719,719,1
1.00107,0.1,0.72,0,0.726911,17.8911,1.00098,0.03134,0,1.00147,0.72,720,1
1.00107,0.1,0.721,0,0.727902,17.8911,1.00098,0.03134,0,1.00147,0.721,721,1
1.00107,0.1,0.722,0,0.728892,17.8911,1.00098,0.03134,0,1.00147,0.722,722,1
1.00107,0.1,0.723,0,0.729883,17.8911,1.00098,0.03134,0,1.00147,0.723,723,1
1.00105,0.1,0.724,0,0.730873,17.8907,1.00102,0.030708,0,1.00149,0.724,724,1
1.00105,0.1,0.725,0,0.731864,17.8907,1.00102,0.030708,0,1.00149,0.725,725,1
1.00105,0.1,0.726,0,0.732855,17.8907,1.00102,0.030708,0,1.00149,0.726,726,1
1.00105,0.1,0.727,0,0.733845,17.8907,1.00102,0.030708,0,1.00149,0.727,727,1
1.00105,0.1,0.728,0,0.734836,17.8907,1.00102,0.030708,0,1.00149,0.728,728,1
1.00105,0.1,0.729,0,0.735827,17.8907,1.00102,0.030708,0,1.00149,0.729,729,1
1.00105,0.1,0.73,0,0.736817,17.8907,1.00102,0.030708,0,1.00149,0.73,730,1
1.00105,0.1,0.731,0,0.737808,17.8907,1.00102,0.030708,0,1.00149,0.731,731,1
1.00105,0.1,0.732,0,0.738799,17.8907,1.00102,0.030708,0,1.00149,0.732,732,1
1.00105,0.1,0.733,0,0.73979,17.8907,1.00102,0.030708,0,1.00149,0.733,733,1
1.00105,0.1,0.734,0,0.740781,17.8907,1.00102,0.030708,0,1.00149,0.734,734,1
1.00105,0.1,0.735,0,0.741772,17.8907,1.00102,0.030708,0,1.00149,0.735,735,1
1.00105,0.1,0.736,0,0.742762,17.8907,1.00102,0.030708,0,1.00149,0.736,736,1
1.00105,0.1,0.737,0,0.743753,17.8907,1.00102,0.030708,0,1.00149,0.737,737,1
1.00105,0.1,0.738,0,0.744744,17.8907,1.00102,0.030708,0,1.00149,0.738,738,1
1.00105,0.1,0.739,0,0.745735,17.8907,1.00102,0.030708,0,1.00149,0.739,739,1
1.00105,0.1,0.74,0,0.746726,17.8907,1.00102,0.030708,0,1.00149,0.74,740,1
1.00105,0.1,0.741,0,0.747717,17.8907,1.00102,0.030708,0,1.00149,0.741,741,1
1.00105,0.1,0.742,0,0.748708,17.8907,1.00102,0.030708,0,1.00149,0.742,742,1
1.00105,0.1,0.743,0,0.749699,17.8907,1.00102,0.030708,0,1.00149,0.743,743,1
1.00104,0.1,0.744,0,0.75069,17.8903,1.00105,0.0300876,0,1.0015,0.744,744,1
1.00104,0.1,0.745,0,0.751681,17.8903,1.00105,0.0300876,0,1.0015,0.745,745,1
1.00104,0.1,0.746,0,0.752673,17.8903,1.00105,0.0300876,0,1.0015,0.746,746,1
1.00104,0.1,0.747,0,0.753664,17.8903,1.00105,0.0300876,0,1.0015,0.747,747,1
1.00104,0.1,0.748,0,0.754655,17.8903,1.00105,0.0300876,0,1.0015,0.748,748,1
1.00104,0.1,0.749,0,0.755646,17.8903,1.00105,0.0300876,0,1.0015,0.749,749,1
1.00104,0.1,0.75,0,0.756637,17.8903,1.00105,0.0300876,0,1.0015,0.75,750,1
1.00104,0.1,0.751,0,0.757629,17.8903,1.00105,0.0300876,0,1.0015,0.751,751,1
1.00104,0.1,0.752,0,0.75862,17.8903,1.00105,0.0300876,0,1.0015,0.752,752,1
1.00104,0.1,0.753,0,0.759611,17.8903,1.00105,0.0300876,0,1.0015,0.753,753,1
1.00104,0.1,0.754,0,0.760602,17.8903,1.00105,0.0300876,0,1.0015,0.754,754,1
1.00104,0.1,0.755,0,0.761594,17.8903,1.00105,0.0300876,0,1.0015,0.755,755,1
1.00104,0.1,0.756,0,0.762585,17.8903,1.00105,0.0300876,0,1.0015,0.756,756,1
1.00104,0.1,0.757,0,0.763577,17.8903,1.00105,0.0300876,0,1.0015,0.757,757,1
1.00104,0.1,0.758,0,0.764568,17.8903,1.00105,0.0300876,0,1.0015,0.758,758,1
1.00104,0.1,0.759,0,0.765559,17.8903,1.00105,0.0300876,0,1.0015,0.759,759,1
1.00104,0.1,0.76,0,0.766551,17.8903,1.00105,0.0300876,0,1.0015,0.76,760,1
1.00104,0.1,0.761,0,0.767542,17.8903,1.00105,0.0300876,0,1.0015,0.761,761,1
1.00104,0.1,0.762,0,0.768534,17.8903,1.00105,0.0300876,0,1.0015,0.762,762,1
1.00104,0.1,0.763,0,0.769525,17.8903,1.00105,0.0300876,0,1.0015,0.763,763,1
1.00104,0.1,0.764,0,0.770517,17.8903,1.00105,0.0300876,0,1.0015,0.764,764,1
1.00103,0.1,0.765,0,0.771508,17.8899,1.00107,0.0294785,0,1.0015,0.765,765,1
1.00103,0.1,0.766,0,0.7725,17.8899,1.00107,0.0294785,0,1.0015,0.766,766,1
1.00103,0.1,0.767,0,0.773491,17.8899,1.00107,0.0294785,0,1.0015,0.767,767,1
1.00103,0.1,0.768,0,0.774483,17.8899,1.00107,0.0294785,0,1.0015,0.768,768,1
1.00103,0.1,0.769,0,0.775475,17.8899,1.00107,0.0294785,0,1.0015,0.769,769,1
1.00103,0.1,0.77,0,0.776466,17.8899,1.00107,0.0294785,0,1.0015,0.77,770,1
1.00103,0.1,0.771,0,0.777458,17.8899,1.00107,0.0294785,0,1.0015,0.771,771,1
1.00103,0.1,0.772,0,0.77845,17.8899,1.00107,0.0294785,0,1.0015,0.772,772,1
1.00103,0.1,0.773,0,0.779441,17.8899,1.00107,0.0294785,0,1.0015,0.773,773,1
1.00103,0.1,0.774,0,0.780433,17.8899,1.00107,0.0294785,0,1.0015,0.774,774,1
1.00103,0.1,0.775,0,0.781425,17.8899,1.00107,0.0294785,0,1.0015,0.775,775,1
1.00103,0.1,0.776,0,0.782417,17.8899,1.00107,0.0294785,0,1.0015,0.776,776,1
1.00103,0.1,0.777,0,0.783409,17.8899,1.00107,0.0294785,0,1.0015,0.777,777,1
1.00103,0.1,0.778,0,0.7844,17.8899,1.00107,0.0294785,0,1.0015,0.778,778,1
1.00103,0.1,0.779,0,0.785392,17.8899,1.00107,0.0294785,0,1.0015,0.779,779,1
1.00103,0.1,0.78,0,0.786384,17.8899,1.00107,0.0294785,0,1.0015,0.78,780,1
1.00103,0.1,0.781,0,0.787376,17.8899,1.00107,0.0294785,0,1.0015,0.781,781,1
1.00103,0.1,0.782,0,0.788368,17.8899,1.00107,0.0294785,0,1.0015,0.782,782,1
1.00103,0.1,0.783,0,0.78936,17.8899,1.00107,0.0294785,0,1.0015,0.783,783,1
1.00103,0.1,0.784,0,0.790352,17.8899,1.00107,0.0294785,0,1.0015,0.784,784,1
1.00102,0.1,0.785,0,0.791344,17.8896,1.00108,0.0288802,0,1.0015,0.785,785,1
1.00102,0.1,0.786,0,0.792336,17.8896,1.00108,0.0288802,0,1.0015,0.786,786,1
1.00102,0.1,0.787,0,0.793328,17.8896,1.00108,0.0288802,0,1.0015,0.787,787,1
1.00102,0.1,0.788,0,0.79432,17.8896,1.00108,0.0288802,0,1.0015,0.788,788,1
1.00102,0.1,0.789,0,0.795312,17.8896,1.00108,0.0288802,0,1.0015,0.789,789,1
1.00102,0.1,0.79,0,0.796304,17.8896,1.00108,0.0288802,0,1.0015,0.79,790,1
1.00102,0.1,0.791,0,0.797296,17.8896,1.00108,0.0288802,0,1.0015,0.791,791,1
1.00102,0.1,0.792,0,0.798288,17.8896,1.00108,0.0288802,0,1.0015,0.792,792,1
1.00102,0.1,0.793,0,0.79928,17.8896,1.00108,0.0288802,0,1.0015,0.793,793,1
1.00102,0.1,0.794,0,0.800272,17.8896,1.00108,0.0288802,0,1.0015,0.794,794,1
1.00102,0.1,0.795,0,0.801265,17.8896,1.00108,0.0288802,0,1.0015,0.795,795,1
1.00102,0.1,0.796,0,0.802257,17.8896,1.00108,0.0288802,0,1.0015,0.796,796,1
1.00102,0.1,0.797,0,0.803249,17.8896,1.00108,0.0288802,0,1.0015,0.797,797,1
1.00102,0.1,0.798,0,0.804241,17.8896,1.00108,0.0288802,0,1.0015,0.798,798,1
1.00102,0.1,0.799,0,0.805234,17.8896,1.00108,0.0288802,0,1.0015,0.799,799,1
1.00102,0.1,0.8,0,0.806226,17.8896,1.00108,0.0288802,0,1.0015,0.8,800,1
1.00102,0.1,0.801,0,0.807218,17.8896,1.00108,0.0288802,0,1.0015,0.801,801,1
1.00102,0.1,0.802,0,0.80821,17.8896,1.00108,0.0288802,0,1.0015,0.802,802,1
1.00102,0.1,0.803,0,0.809203,17.8896,1.00108,0.0288802,0,1.0015,0.803,803,1
1.00102,0.1,0.804,0,0.810195,17.8896,1.00108,0.0288802,0,1.0015,0.804,804,1
1.00102,0.1,0.805,0,0.811187,17.8896,1.00108,0.0288802,0,1.0015,0.805,805,1
1.00102,0.1,0.806,0,0.81218,17.8896,1.00108,0.0288802,0,1.0015,0.806,806,1
1.00101,0.1,0.807,0,0.813172,17.8892,1.00109,0.0282924,0,1.00148,0.807,807,1
1.00101,0.1,0.808,0,0.814165,17.8892,1.00109,0.0282924,0,1.00148,0.808,808,1
1.00101,0.1,0.809,0,0.815157,17.8892,1.00109,0.0282924,0,1.00148,0.809,809,1
1.00101,0.1,0.81,0,0.816149,17.8892,1.00109,0.0282924,0,1.00148,0.81,810,1
1.00101,0.1,0.811,0,0.817142,17.8892,1.00109,0.0282924,0,1.00148,0.811,811,1
1.00101,0.1,0.812,0,0.818134,17.8892,1.00109,0.0282924,0,1.00148,0.812,812,1
1.00101,0.1,0.813,0,0.819127,17.8892,1.00109,0.0282924,0,1.00148,0.813,813,1
1.00101,0.1,0.814,0,0.82012,17.8892,1.00109,0.0282924,0,1.00148,0.814,814,1
1.00101,0.1,0.815,0,0.821112,17.8892,1.00109,0.0282924,0,1.00148,0.815,815,1
1.00101,0.1,0.816,0,0.822105,17.8892,1.00109,0.0282924,0,1.00148,0.816,816,1
1.00101,0.1,0.817,0,0.823097,17.8892,1.00109,0.0282924,0,1.00148,0.817,817,1
1.00101,0.1,0.818,0,0.82409,17.8892,1.00109,0.0282924,0,1.00148,0.818,818,1
1.00101,0.1,0.819,0,0.825082,17.8892,1.00109,0.0282924,0,1.00148,0.819,819,1
1.00101,0.1,0.82,0,0.826075,17.8892,1.00109,0.0282924,0,1.00148,0.82,820,1
1.00101,0.1,0.821,0,0.827068,17.8892,1.00109,0.0282924,0,1.00148,0.821,821,1
1.00101,0.1,0.822,0,0.82806,17.8892,1.00109,0.0282924,0,1.00148,0.822,822,1
1.00101,0.1,0.823,0,0.829053,17.8892,1.00109,0.0282924,0,1.00148,0.823,823,1
1.00101,0.1,0.824,0,0.830046,17.8892,1.00109,0.0282924,0,1.00148,0.824,824,1
1.00101,0.1,0.825,0,0.831038,17.8892,1.00109,0.0282924,0,1.00148,0.825,825,1
1.00101,0.1,0.826,0,0.832031,17.8892,1.00109,0.0282924,0,1.00148,0.826,826,1
1.00101,0.1,0.827,0,0.833024,17.8892,1.00109,0.0282924,0,1.00148,0.827,827,1
1.00099,0.1,0.828,0,0.834017,17.8888,1.00108,0.0277148,0,1.00147,0.828,828,1
1.00099,0.1,0.829,0,0.83501,17.8888,1.00108,0.0277148,0,1.00147,0.829,829,1
1.00099,0.1,0.83,0,0.836002,17.8888,1.00108,0.0277148,0,1.00147,0.83,830,1
1.00099,0.1,0.831,0,0.836995,17.8888,1.00108,0.0277148,0,1.00147,0.831,831,1
1.00099,0.1,0.832,0,0.837988,17.8888,1.00108,0.0277148,0,1.00147,0.832,832,1
1.00099,0.1,0.833,0,0.838981,17.8888,1.00108,0.0277148,0,1.00147,0.833,833,1
1.00099,0.1,0.834,0,0.839974,17.8888,1.00108,0.0277148,0,1.00147,0.834,834,1
1.00099,0.1,0.835,0,0.840967,17.8888,1.00108,0.0277148,0,1.00147,0.835,835,1
1.00099,0.1,0.836,0,0.84196,17.8888,1.00108,0.0277148,0,1.00147,0.836,836,1
1.00099,0.1,0.837,0,0.842953,17.8888,1.00108,0.0277148,0,1.00147,0.837,837,1
1.00099,0.1,0.838,0,0.843946,17.8888,1.00108,0.0277148,0,1.00147,0.838,838,1
1.00099,0.1,0.839,0,0.844938,17.8888,1.00108,0.0277148,0,1.00147,0.839,839,1
1.00099,0.1,0.84,0,0.845931,17.8888,1.00108,0.0277148,0,1.00147,0.84,840,1
1.00099,0.1,0.841,0,0.846924,17.8888,1.00108,0.0277148,0,1.00147,0.841,841,1
1.00099,0.1,0.842,0,0.847917,17.8888,1.00108,0.0277148,0,1.00147,0.842,842,1
1.00099,0.1,0.843,0,0.848911,17.8888,1.00108,0.0277148,0,1.00147,0.843,843,1
1.00099,0.1,0.844,0,0.849903,17.8888,1.00108,0.0277148,0,1.00147,0.844,844,1
1.00099,0.1,0.845,0,0.850897,17.8888,1.00108,0.0277148,0,1.00147,0.845,845,1
1.00099,0.1,0.846,0,0.85189,17.8888,1.00108,0.0277148,0,1.00147,0.846,846,1
1.00099,0.1,0.847,0,0.852883,17.8888,1.00108,0.0277148,0,1.00147,0.847,847,1
1.00099,0.1,0.848,0,0.853876,17.8888,1.00108,0.0277148,0,1.00147,0.848,848,1
1.00099,0.1,0.849,0,0.854869,17.8888,1.00108,0.0277148,0,1.00147,0.849,849,1
1.00098,0.1,0.85,0,0.855862,17.8884,1.00107,0.0271471,0,1.00144,0.85,850,1
1.00098,0.1,0.851,0,0.856855,17.8884,1.00107,0.0271471,0,1.00144,0.851,851,1
1.00098,0.1,0.852,0,0.857848,17.8884,1.00107,0.0271471,0,1.00144,0.852,852,1
1.00098,0.1,0.853,0,0.858842,17.8884,1.00107,0.0271471,0,1.00144,0.853,853,1
1.00098,0.1,0.854,0,0.859835,17.8884,1.00107,0.0271471,0,1.00144,0.854,854,1
1.00098,0.1,0.855,0,0.860828,17.8884,1.00107,0.0271471,0,1.00144,0.855,855,1
1.00098,0.1,0.856,0,0.861821,17.8884,1.00107,0.0271471,0,1.00144,0.856,856,1
1.00098,0.1,0.857,0,0.862815,17.8884,1.00107,0.0271471,0,1.00144,0.857,857,1
1.00098,0.1,0.858,0,0.863808,17.8884,1.00107,0.0271471,0,1.00144,0.858,858,1
1.00098,0.1,0.859,0,0.864801,17.8884,1.00107,0.0271471,0,1.00144,0.859,859,1
1.00098,0.1,0.86,0,0.865794,17.8884,1.00107,0.0271471,0,1.00144,0.86,860,1
1.00098,0.1,0.861,0,0.866788,17.8884,1.00107,0.0271471,0,1.00144,0.861,861,1
1.00098,0.1,0.862,0,0.867781,17.8884,1.00107,0.0271471,0,1.00144,0.862,862,1
1.00098,0.1,0.863,0,0.868774,17.8884,1.00107,0.0271471,0,1.00144,0.863,863,1
1.00098,0.1,0.864,0,0.869768,17.8884,1.00107,0.0271471,0,1.00144,0.864,864,1
1.00098,0.1,0.865,0,0.870761,17.8884,1.00107,0.0271471,0,1.00144,0.865,865,1
1.00098,0.1,0.866,0,0.871755,17.8884,1.00107,0.0271471,0,1.00144,0.866,866,1
1.00098,0.1,0.867,0,0.872748,17.8884,1.00107,0.0271471,0,1.00144,0.867,867,1
1.00098,0.1,0.868,0,0.873741,17.8884,1.00107,0.0271471,0,1.00144,0.868,868,1
1.00098,0.1,0.869,0,0.874735,17.8884,1.00107,0.0271471,0,1.00144,0.869,869,1
1.00098,0.1,0.87,0,0.875728,17.8884,1.00107,0.0271471,0,1.00144,0.87,870,1
1.00098,0.1,0.871,0,0.876722,17.8884,1.00107,0.0271471,0,1.00144,0.871,871,1
1.00098,0.1,0.872,0,0.877715,17.8884,1.00107,0.0271471,0,1.00144,0.872,872,1
1.00097,0.1,0.873,0,0.878709,17.888,1.00105,0.0265889,0,1.00141,0.873,873,1
1.00097,0.1,0.874,0,0.879702,17.888,1.00105,0.0265889,0,1.00141,0.874,874,1
1.00097,0.1,0.875,0,0.880696,17.888,1.00105,0.0265889,0,1.00141,0.875,875,1
1.00097,0.1,0.876,0,0.881689,17.888,1.00105,0.0265889,0,1.00141,0.876,876,1
1.00097,0.1,0.877,0,0.882683,17.888,1.00105,0.0265889,0,1.00141,0.877,877,1
1.00097,0.1,0.878,0,0.883676,17.888,1.00105,0.0265889,0,1.00141,0.878,878,1
1.00097,0.1,0.879,0,0.88467,17.888,1.00105,0.0265889,0,1.00141,0.879,879,1
1.00097,0.1,0.88,0,0.885664,17.888,1.00105,0.0265889,0,1.00141,0.88,880,1
1.00097,0.1,0.881,0,0.886657,17.888,1.00105,0.0265889,0,1.00141,0.881,881,1
1.00097,0.1,0.882,0,0.887651,17.888,1.00105,0.0265889,0,1.00141,0.882,882,1
1.00097,0.1,0.883,0,0.888644,17.888,1.00105,0.0265889,0,1.00141,0.883,883,1
1.00097,0.1,0.884,0,0.889638,17.888,1.00105,0.0265889,0,1.00141,0.884,884,1
1.00097,0.1,0.885,0,0.890632,17.888,1.00105,0.0265889,0,1.00141,0.885,885,1
1.00097,0.1,0.886,0,0.891625,17.888,1.00105,0.0265889,0,1.00141,0.886,886,1
1.00097,0.1,0.887,0,0.892619,17.888,1.00105,0.0265889,0,1.00141,0.887,887,1
1.00097,0.1,0.888,0,0.893613,17.888,1.00105,0.0265889,0,1.00141,0.888,888,1
1.00097,0.1,0.889,0,0.894607,17.888,1.00105,0.0265889,0,1.00141,0.889,889,1
1.00097,0.1,0.89,0,0.8956,17.888,1.00105,0.0265889,0,1.00141,0.89,890,1
1.00097,0.1,0.891,0,0.896594,17.888,1.00105,0.0265889,0,1.00141,0.891,891,1
1.00097,0.1,0.892,0,0.897588,17.888,1.00105,0.0265889,0,1.00141,0.892,892,1
1.00097,0.1,0.893,0,0.898582,17.888,1.00105,0.0265889,0,1.00141,0.893,893,1
1.00097,0.1,0.894,0,0.899575,17.888,1.00105,0.0265889,0,1.00141,0.894,894,1
1.00097,0.1,0.895,0,0.900569,17.888,1.00105,0.0265889,0,1.00141,0.895,895,1
1.00096,0.1,0.896,0,0.901563,17.8877,1.00103,0.0260401,0,1.00137,0.896,896,1
1.00096,0.1,0.897,0,0.902557,17.8877,1.00103,0.0260401,0,1.00137,0.897,897,1
1.00096,0.1,0.898,0,0.903551,17.8877,1.00103,0.0260401,0,1.00137,0.898,898,1
1.00096,0.1,0.899,0,0.904545,17.8877,1.00103,0.0260401,0,1.00137,0.899,899,1
1.00096,0.1,0.9,0,0.905538,17.8877,1.00103,0.0260401,0,1.00137,0.9,900,1
1.00096,0.1,0.901,0,0.906532,17.8877,1.00103,0.0260401,0,1.00137,0.901,901,1
1.00096,0.1,0.902,0,0.907526,17.8877,1.00103,0.0260401,0,1.00137,0.902,902,1
1.00096,0.1,0.903,0,0.90852,17.8877,1.00103,0.0260401,0,1.00137,0.903,903,1
1.00096,0.1,0.904,0,0.909514,17.8877,1.00103,0.0260401,0,1.00137,0.904,904,1
1.00096,0.1,0.905,0,0.910508,17.8877,1.00103,0.0260401,0,1.00137,0.905,905,1
1.00096,0.1,0.906,0,0.911502,17.8877,1.00103,0.0260401,0,1.00137,0.906,906,1
1.00096,0.1,0.907,0,0.912496,17.8877,1.00103,0.0260401,0,1.00137,0.907,907,1
1.00096,0.1,0.908,0,0.91349,17.8877,1.00103,0.0260401,0,1.00137,0.908,908,1
1.00096,0.1,0.909,0,0.914484,17.8877,1.00103,0.0260401,0,1.00137,0.909,909,1
1.00096,0.1,0.91,0,0.915478,17.8877,1.00103,0.0260401,0,1.00137,0.91,910,1
1.00096,0.1,0.911,0,0.916472,17.8877,1.00103,0.0260401,0,1.00137,0.911,911,1
1.00096,0.1,0.912,0,0.917466,17.8877,1.00103,0.0260401,0,1.00137,0.912,912,1
1.00096,0.1,0.913,0,0.91846,17.8877,1.00103,0.0260401,0,1.00137,0.913,913,1
1.00096,0.1,0.914,0,0.919454,17.8877,1.00103,0.0260401,0,1.00137,0.914,914,1
1.00096,0.1,0.915,0,0.920448,17.8877,1.00103,0.0260401,0,1.00137,0.915,915,1
1.00096,0.1,0.916,0,0.921442,17.8877,1.00103,0.0260401,0,1.00137,0.916,916,1
1.00096,0.1,0.917,0,0.922436,17.8877,1.00103,0.0260401,0,1.00137,0.917,917,1
1.00096,0.1,0.918,0,0.923431,17.8877,1.00103,0.0260401,0,1.00137,0.918,918,1
1.00095,0.1,0.919,0,0.924425,17.8873,1.001,0.0255004,0,1.00132,0.919,919,1
1.00095,0.1,0.92,0,0.925419,17.8873,1.001,0.0255004,0,1.00132,0.92,920,1
1.00095,0.1,0.921,0,0.926413,17.8873,1.001,0.0255004,0,1.00132,0.921,921,1
1.00095,0.1,0.922,0,0.927407,17.8873,1.001,0.0255004,0,1.00132,0.922,922,1
1.00095,0.1,0.923,0,0.928401,17.8873,1.001,0.0255004,0,1.00132,0.923,923,1
1.00095,0.1,0.924,0,0.929395,17.8873,1.001,0.0255004,0,1.00132,0.924,924,1
1.00095,0.1,0.925,0,0.93039,17.8873,1.001,0.0255004,0,1.00132,0.925,925,1
1.00095,0.1,0.926,0,0.931384,17.8873,1.001,0.0255004,0,1.00132,0.926,926,1
1.00095,0.1,0.927,0,0.932378,17.8873,1.001,0.0255004,0,1.00132,0.927,927,1
1.00095,0.1,0.928,0,0.933372,17.8873,1.001,0.0255004,0,1.00132,0.928,928,1
1.00095,0.1,0.929,0,0.934367,17.8873,1.001,0.0255004,0,1.00132,0.929,929,1
1.00095,0.1,0.93,0,0.935361,17.8873,1.001,0.0255004,0,1.00132,0.93,930,1
1.00095,0.1,0.931,0,0.936355,17.8873,1.001,0.0255004,0,1.00132,0.931,931,1
1.00095,0.1,0.932,0,0.937349,17.8873,1.001,0.0255004,0,1.00132,0.932,932,1
1.00095,0.1,0.933,0,0.938344,17.8873,1.001,0.0255004,0,1.00132,0.933,933,1
1.00095,0.1,0.934,0,0.939338,17.8873,1.001,0.0255004,0,1.00132,0.934,934,1
1.00095,0.1,0.935,0,0.940332,17.8873,1.001,0.0255004,0,1.00132,0.935,935,1
1.00095,0.1,0.936,0,0.941327,17.8873,1.001,0.0255004,0,1.00132,0.936,936,1
1.00095,0.1,0.937,0,0.942321,17.8873,1.001,0.0255004,0,1.00132,0.937,937,1
1.00095,0.1,0.938,0,0.943315,17.8873,1.001,0.0255004,0,1.00132,0.938,938,1
1.00095,0.1,0.939,0,0.94431,17.8873,1.001,0.0255004,0,1.00132,0.939,939,1
1.00095,0.1,0.94,0,0.945304,17.8873,1.001,0.0255004,0,1.00132,0.94,940,1
1.00095,0.1,0.941,0,0.946299,17.8873,1.001,0.0255004,0,1.00132,0.941,941,1
1.00095,0.1,0.942,0,0.947293,17.8873,1.001,0.0255004,0,1.00132,0.942,942,1
1.00094,0.1,0.943,0,0.948287,17.8869,1.00096,0.0249696,0,1.00127,0.943,943,1
1.00094,0.1,0.944,0,0.949282,17.8869,1.00096,0.0249696,0,1.00127,0.944,944,1
1.00094,0.1,0.945,0,0.950276,17.8869,1.00096,0.0249696,0,1.00127,0.945,945,1
1.00094,0.1,0.946,0,0.951271,17.8869,1.00096,0.0249696,0,1.00127,0.946,946,1
1.00094,0.1,0.947,0,0.952265,17.8869,1.00096,0.0249696,0,1.00127,0.947,947,1
1.00094,0.1,0.948,0,0.95326,17.8869,1.00096,0.0249696,0,1.00127,0.948,948,1
1.00094,0.1,0.949,0,0.954254,17.8869,1.00096,0.0249696,0,1.00127,0.949,949,1
1.00094,0.1,0.95,0,0.955249,17.8869,1.00096,0.0249696,0,1.00127,0.95,950,1
1.00094,0.1,0.951,0,0.956243,17.8869,1.00096,0.0249696,0,1.00127,0.951,951,1
1.00094,0.1,0.952,0,0.957238,17.8869,1.00096,0.0249696,0,1.00127,0.952,952,1
1.00094,0.1,0.953,0,0.958232,17.8869,1.00096,0.0249696,0,1.00127,0.953,953,1
1.00094,0.1,0.954,0,0.959227,17.8869,1.00096,0.0249696,0,1.00127,0.954,954,1
1.00094,0.1,0.955,0,0.960221,17.8869,1.00096,0.0249696,0,1.00127,0.955,955,1
1.00094,0.1,0.956,0,0.961216,17.8869,1.00096,0.0249696,0,1.00127,0.956,956,1
1.00094,0.1,0.957,0,0.96221,17.8869,1.00096,0.0249696,0,1.00127,0.957,957,1
1.00094,0.1,0.958,0,0.963205,17.8869,1.00096,0.0249696,0,1.00127,0.958,958,1
1.00094,0.1,0.959,0,0.9642,17.8869,1.00096,0.0249696,0,1.00127,0.959,959,1
1.00094,0.1,0.96,0,0.965194,17.8869,1.00096,0.0249696,0,1.00127,0.96,960,1
1.00094,0.1,0.961,0,0.966189,17.8869,1.00096,0.0249696,0,1.00127,0.961,961,1
1.00094,0.1,0.962,0,0.967184,17.8869,1.00096,0.0249696,0,1.00127,0.962,962,1
1.00094,0.1,0.963,0,0.968178,17.8869,1.00096,0.0249696,0,1.00127,0.963,963,1
1.00094,0.1,0.964,0,0.969173,17.8869,1.00096,0.0249696,0,1.00127,0.964,964,1
1.00094,0.1,0.965,0,0.970167,17.8869,1.00096,0.0249696,0,1.00127,0.965,965,1
1.00094,0.1,0.966,0,0.971162,17.8869,1.00096,0.0249696,0,1.00127,0.966,966,1
1.00094,0.1,0.967,0,0.972157,17.8869,1.00096,0.0249696,0,1.00127,0.967,967,1
1.00092,0.1,0.968,0,0.973152,17.8865,1.00092,0.0244474,0,1.00122,0.968,968,1
1.00092,0.1,0.969,0,0.974146,17.8865,1.00092,0.0244474,0,1.00122,0.969,969,1
1.00092,0.1,0.97,0,0.975141,17.8865,1.00092,0.0244474,0,1.00122,0.97,970,1
1.00092,0.1,0.971,0,0.976136,17.8865,1.00092,0.0244474,0,1.00122,0.971,971,1
1.00092,0.1,0.972,0,0.97713,17.8865,1.00092,0.0244474,0,1.00122,0.972,972,1
1.00092,0.1,0.973,0,0.978125,17.8865,1.00092,0.0244474,0,1.00122,0.973,973,1
1.00092,0.1,0.974,0,0.97912,17.8865,1.00092,0.0244474,0,1.00122,0.974,974,1
1.00092,0.1,0.975,0,0.980115,17.8865,1.00092,0.0244474,0,1.00122,0.975,975,1
1.00092,0.1,0.976,0,0.98111,17.8865,1.00092,0.0244474,0,1.00122,0.976,976,1
1.00092,0.1,0.977,0,0.982104,17.8865,1.00092,0.0244474,0,1.00122,0.977,977,1
1.00092,0.1,0.978,0,0.983099,17.8865,1.00092,0.0244474,0,1.00122,0.978,978,1
1.00092,0.1,0.979,0,0.984094,17.8865,1.00092,0.0244474,0,1.00122,0.979,979,1
1.00092,0.1,0.98,0,0.985089,17.8865,1.00092,0.0244474,0,1.00122,0.98,980,1
1.00092,0.1,0.981,0,0.986084,17.8865,1.00092,0.0244474,0,1.00122,0.981,981,1
1.00092,0.1,0.982,0,0.987078,17.8865,1.00092,0.0244474,0,1.00122,0.982,982,1
1.00092,0.1,0.983,0,0.988073,17.8865,1.00092,0.0244474,0,1.00122,0.983,983,1
1.00092,0.1,0.984,0,0.989068,17.8865,1.00092,0.0244474,0,1.00122,0.984,984,1
1.00092,0.1,0.985,0,0.990063,17.8865,1.00092,0.0244474,0,1.00122,0.985,985,1
1.00092,0.1,0.986,0,0.991058,17.8865,1.00092,0.0244474,0,1.00122,0.986,986,1
1.00092,0.1,0.987,0,0.992053,17.8865,1.00092,0.0244474,0,1.00122,0.987,987,1
1.00092,0.1,0.988,0,0.993048,17.8865,1.00092,0.0244474,0,1.00122,0.988,988,1
1.00092,0.1,0.989,0,0.994043,17.8865,1.00092,0.0244474,0,1.00122,0.989,989,1
1.00092,0.1,0.99,0,0.995038,17.8865,1.00092,0.0244474,0,1.00122,0.99,990,1
1.00092,0.1,0.991,0,0.996033,17.8865,1.00092,0.0244474,0,1.00122,0.991,991,1
1.00091,0.1,0.992,0,0.997028,17.8861,1.00087,0.0239337,0,1.00116,0.992,992,1
1.00091,0.1,0.993,0,0.998022,17.8861,1.00087,0.0239337,0,1.00116,0.993,993,1
1.00091,0.1,0.994,0,0.999018,17.8861,1.00087,0.0239337,0,1.00116,0.994,994,1
1.00091,0.1,0.995,0,1.00001,17.8861,1.00087,0.0239337,0,1.00116,0.995,995,1
1.00091,0.1,0.996,0,1.00101,17.8861,1.00087,0.0239337,0,1.00116,0.996,996,1
1.00091,0.1,0.997,0,1.002,17.8861,1.00087,0.0239337,0,1.00116,0.997,997,1
1.00091,0.1,0.998,0,1.003,17.8861,1.00087,0.0239337,0,1.00116,0.998,998,1
1.00091,0.1,0.999,0,1.00399,17.8861,1.00087,0.0239337,0,1.00116,0.999,999,1
1.00091,0.1,1,0,1.00499,17.8861,1.00087,0.0239337,0,1.00116,1,1000,1
